Master.Protein.Accessions,Freq
A1IGU4,1
A1Y9I9,1
A2A5R2; G3X9K3; P63034,1
A2A6Q5,1
A2A8L1,1
A2A8L5,1
A2A8U2,1
A2AGH6,1
A2AH22,1
A2AJ15,1
A2AJB2,1
A2AMM0,1
A2AP18; Q4KWH5,1
A2APV2; Q9JL26,1
A2AQP0,1
A2ASS6; O88485,1
A2ASS6; Q8VHX6,1
A2AX52,1
A2CG63,1
A2RT67,1
A4Q9F3,1
A6H5Z3,1
A6H6E9,1
A6H8H2,1
A6PWD2,1
A6X919,1
A7XUZ6,1
A8C756,1
B0QZF7,1
B1AVD1,1
B1AX39,1
B1AXH1,1
B1AXV0,1
B2RR83,1
B2RS91,1
B2RWJ3,1
B2RX14,1
B7ZMP1,1
C0HK80,1
C0HKG5,1
D3Z0R2,1
D3Z6Q9; O08539; Q7TQF7,1
E9PVB5,1
E9PY46,1
E9PYH6,1
E9PYK3,1
E9PZJ8,1
E9Q1U1,1
E9Q309,1
E9Q401,1
E9Q401; Q91VH6,1
E9Q4F7,1
E9Q4S1,1
E9Q6B2,1
E9Q7X7; Q6P9K9,1
E9Q8I9,1
E9Q942,1
E9Q9D5,1
E9Q9D5; Q8BPN8,1
E9Q9R9,1
E9Q9U0,1
E9QAG8,1
E9QAG8; P17141,1
F7BWT7,1
F8VPQ2,1
F8VPQ2; A2CG63,1
F8VQB6,1
G3X982,1
G3X982; O54754,1
G3X9C2,1
G5E8B9,1
G5E8P0,1
J3QNX5,1
O08528; P17710,1
O08529; O35350,1
O08553; P97427,1
O08553; Q8BPU7,1
O08573,1
O08576,1
O08586,1
O08599; Q64324,1
O08600,1
O08638; Q6URW6; Q61879,1
O08689,1
O08715,1
O08738,1
O08739; Q3V1D3,1
O08792,1
O08811,1
O08900,1
O08911; P47811; Q9WTU6,1
O08919; Q9QZS3,1
O08970,1
O09012,1
O09046,1
O09111,1
O09117,1
O35071,1
O35099,1
O35126,1
O35149,1
O35153,1
O35216,1
O35304,1
O35309,1
O35344,1
O35387,1
O35405,1
O35449,1
O35450,1
O35474,1
O35495,1
O35599; P15409,1
O35602,1
O35621; Q9Z2M7,1
O35639; P97384,1
O35640,1
O35648,1
O35654,1
O35657,1
O35680,1
O35681,1
O35683,1
O35704,1
O35730; Q9CQJ4,1
O35732,1
O35855,1
O35945,1
O35945; P47738; Q62148; P24549; Q9CZS1,1
O35955,1
O54754,1
O54774; P13542,1
O54851,1
O54879; P30681,1
O54946; Q9QYI5,1
O54974,1
O54998,1
O55003,1
O55028,1
O55100,1
O55102,1
O55134,1
O55186,1
O55187,1
O70139,1
O70152,1
O70172; Q80XI4; Q91XU3,1
O70279,1
O70281,1
O70283,1
O70305; Q7TQH0,1
O70318; P48193,1
O70333,1
O70348,1
O70401,1
O70421,1
O70494,1
O70551,1
O70566,1
O70583,1
O70622,1
O88196,1
O88346,1
O88485; O88487,1
O88491,1
O88502,1
O88502; E9Q4S1,1
O88559,1
O88575,1
O88593,1
O88602,1
O88653,1
O88708,1
O88741; Q8VE33,1
O88824,1
O88834,1
O88909,1
O88939,1
O88990; P57780; Q7TPR4,1
O88990; Q9JI91,1
O89023,1
O89032,1
P00375,1
P01630,1
P01631,1
P01636,1
P01642,1
P01648,1
P01674,1
P01723,1
P01746,1
P01750,1
P01750; P06330,1
P01878,1
P01897,1
P01898,1
P01898; P01899,1
P02469; Q61292,1
P03893,1
P03899,1
P03958,1
P03995; P20152,1
P03995; P50446; Q8BGZ7; P07744; P11679; Q3UV17; Q9Z331; Q922U2; P20152,1
P04104; Q6IFZ6,1
P04104; Q922U2,1
P04223,1
P04230,1
P04344; Q03740; P04342,1
P04344; Q61597; P04345,1
P04444,1
P04940,1
P05366,1
P05366; P05367,1
P05367,1
P05622; P35969; Q63844; P63085; O54949,1
P05784; P19001,1
P06327,1
P07310; P30275; Q6P8J7,1
P07310; Q04447,1
P07361,1
P07758; P22599; Q00897,1
P07758; P22599; Q00898,1
P07758; P22599; Q00898; Q00897; Q9CSN1,1
P07758; Q00898,1
P07901; Q9CQN1; P11499,1
P08551; P08553; P46660,1
P08551; P08553; P46660; P31001; P20152; P19246,1
P08553; P46660,1
P08730; P05784; Q61414; P19001; Q9QWL7,1
P08752; B2RSH2,1
P09041,1
P09103; Q8BXZ1,1
P09174,1
P09542,1
P09542; P05977; Q60605,1
P0C090,1
P0C0P8,1
P0C192,1
P0C673,1
P0C7N9,1
P0C872,1
P0DJE0,1
P0DN34,1
P10078,1
P10126; Q9Z1K7; Q5I012,1
P10649; P15626; Q80W21,1
P10854,1
P11088,1
P11798; Q6PHZ2,1
P11930,1
P12672,1
P12961,1
P13541; A2AQP0,1
P13541; Q5SX39,1
P13541; Q91Z83,1
P13541; Q91Z83; P13542,1
P13705,1
P13707; Q3ULJ0,1
P14106,1
P14438,1
P14824; P48036,1
P14824; P97429,1
P14847,1
P15620,1
P15620; P10078; Q91VN1; P16372; E9QAG8; Q9ERR8,1
P15620; Q571J5,1
P15626; Q80W21,1
P16056,1
P16372,1
P16390,1
P16546; P08032,1
P17125,1
P17182; P17183,1
P17182; P21550,1
P17225,1
P17225; Q8BHD7,1
P17532,1
P17665,1
P17710; Q91W97,1
P17918; Q8C163,1
P18524,1
P18526,1
P18531,1
P18653,1
P18826,1
P19536; Q64331,1
P20029; P63017; P17156,1
P20352,1
P20491,1
P20801; P0DP27,1
P20801; P19123,1
P21107; Q6IRU2,1
P21278; P21279,1
P21570,1
P22366,1
P22437,1
P22682,1
P22935,1
P23198; Q61686,1
P23708,1
P23780,1
P23818,1
P23818; Q9Z2W8; Q9Z2W9,1
P23818; Q9Z2W8; Q9Z2W9; P23819,1
P23953; Q8VCT4,1
P24369; P30412; P17742; Q9D868,1
P24456,1
P24472; P30115,1
P25799,1
P25911,1
P25911; P09055,1
P25911; Q04736; P05480,1
P25911; Q69ZA1; Q8K0D0; Q04736; Q14AX6; P49615; Q99J95; O35495; Q64261,1
P26043; Q2KN98,1
P26043; Q99K85,1
P26323,1
P26361,1
P27046,1
P27600,1
P27671,1
P28028; P04627,1
P28236,1
P28481; P08121,1
P28481; Q3U962,1
P28652; Q923T9,1
P28652; Q923T9; Q6PHZ2,1
P28653; P28654,1
P28656; Q78ZA7,1
P28738; P33175,1
P28828,1
P29319,1
P29387,1
P29387; P62874; P62880,1
P29387; P62874; P62880; Q61011,1
P30204,1
P30275; Q04447,1
P30306,1
P30415,1
P30677,1
P30987,1
P31266,1
P31750; Q60823,1
P31809,1
P32883; Q61411,1
P33175,1
P33587,1
P34056,1
P34928,1
P35285,1
P35385,1
P35438,1
P35582,1
P35601,1
P35821,1
P35969,1
P36536,1
P36536; Q9CQC9,1
P36993; P49443,1
P37804; Q9R1Q8,1
P39053; Q8BZ98,1
P39429,1
P39447; Q9Z0U1,1
P40124; Q9CYT6,1
P40240,1
P40336; Q8C0E2,1
P41233,1
P41438,1
P41588,1
P41731,1
P42337,1
P42582,1
P43274; P43275; P15864; P43277,1
P43274; P43275; P43276; P43277,1
P43274; P43276; P15864; P43277,1
P43274; P43277,1
P45481,1
P45591; P18760,1
P45700,1
P46467,1
P46467; Q8VEJ9,1
P46662,1
P46664; P28650,1
P46694,1
P46737,1
P46935; Q8CFI0,1
P46938; Q6RHR9; Q9WVQ1,1
P46978; Q3TDQ1,1
P47713,1
P47738; Q62148,1
P47739; P47740,1
P47739; Q80VQ0,1
P47810,1
P47857; P12382,1
P47879,1
P47963; Q8VHX6,1
P48193; Q9Z2H5,1
P48318; P48320,1
P48437,1
P48441,1
P48455; P63328; P48453,1
P48678; P14733; P21619,1
P48725,1
P48758; Q8K354,1
P48774; P10649; P15626; Q80W21,1
P49025,1
P49117,1
P49290,1
P49300,1
P49312; Q8BG05,1
P50171,1
P50428,1
P50446,1
P50446; Q6IME9,1
P50446; Q8BGZ7; P07744; Q3UV17; Q9Z331; Q922U2,1
P50446; Q8BGZ7; P11679; Q3UV17; Q9Z331,1
P50446; Q8BGZ7; Q9Z331; Q922U2,1
P50446; Q9Z331; Q922U2,1
P50462,1
P50636,1
P50992,1
P51141,1
P51448,1
P51612,1
P51807,1
P51830,1
P52187,1
P52482; P52483,1
P52624,1
P53995,1
P54254,1
P54797,1
P55065,1
P55097,1
P56135,1
P56183,1
P56393,1
P56501,1
P56581,1
P57680,1
P57780; Q9JI91; Q7TPR4,1
P58022,1
P58022; Q9Z175; P97873,1
P58252; O08810,1
P58269,1
P58269; Q9QX66,1
P58404; Q9ERG2,1
P58501,1
P58686,1
P58774; Q9JI91,1
P58801,1
P58854,1
P59041,1
P59054,1
P59108,1
P59235,1
P59281,1
P59648,1
P59764,1
P59997,1
P60003,1
P60521; P30115,1
P60521; Q8R3R8; Q9DCD6,1
P60605,1
P60710; P68134,1
P60764,1
P60764; P63001,1
P60843; P10630; Q91VC3,1
P61027; P62821; Q9DD03; Q9D1G1; P61028; P55258,1
P61027; Q9DD03,1
P61028,1
P61079,1
P61080,1
P61148,1
P61166,1
P61211,1
P61219,1
P61264; O35526,1
P61264; Q00262; O35526,1
P61406,1
P61458; Q9CZL5,1
P61514,1
P61750; P61205; P62331; P84084,1
P61750; P61205; P84084,1
P61750; P84084,1
P61953,1
P61953; Q61012,1
P61961,1
P62046,1
P62069,1
P62080,1
P62257,1
P62305,1
P62307,1
P62311,1
P62340,1
P62342,1
P62488,1
P62715,1
P62715; P97470; P63330,1
P62821; Q9D1G1; P61028; P55258,1
P62838,1
P62874; Q61011,1
P62878,1
P62911,1
P63002,1
P63005; Q9D1Q6,1
P63011; P35276,1
P63011; Q9DD03; P61028; P55258; P62823; P35276,1
P63017; P38647; P17156,1
P63024,1
P63024; P63044; Q62442,1
P63046,1
P63082,1
P63087,1
P63087; P62137,1
P63089,1
P63094; P27600; Q9DC51; P50149; P27601; P20612; P18872; P08752; B2RSH2,1
P63115,1
P63137,1
P63139,1
P63254,1
P63330,1
P67984,1
P68254; Q9CQV8,1
P68369,1
P68372,1
P68373,1
P68404; Q02111; P20444; P28867,1
P68433,1
P68510; O70456; P61982; P63101,1
P68510; P61982,1
P69566,1
P70158,1
P70202,1
P70206; Q80UG2,1
P70210,1
P70213,1
P70248,1
P70259,1
P70261,1
P70268; Q8BWW9,1
P70297; O88811,1
P70298,1
P70313,1
P70333; O35737; Q9Z2X1,1
P70387,1
P70392,1
P70408,1
P70424,1
P70425,1
P70444,1
P70662,1
P70689,1
P70694,1
P70696,1
P80315; P80316,1
P81069,1
P81122,1
P83093,1
P83510,1
P83510; Q9JM52,1
P83917; P23198,1
P84075,1
P84086; P63040,1
P85094,1
P86046,1
P97287,1
P97346,1
P97364,1
P97432,1
P97434; Q99KW3,1
P97435,1
P97470,1
P97471,1
P97473,1
P97478,1
P97770,1
P97783,1
P97785,1
P97819,1
P97820,1
P97820; Q9JM52,1
P97873,1
P98084,1
P98156,1
P98192,1
Q00175,1
Q00519; G3X982,1
Q00519; G3X982; Q3TYQ9,1
Q00558,1
Q00560,1
Q00623; Q9CXW3,1
Q00LT2,1
Q01338,1
Q01341,1
Q01405; Q9D662,1
Q01705,1
Q02067,1
Q02105,1
Q02111,1
Q02111; P28867,1
Q02526,1
Q02780; P70255; P97863,1
Q03137; P29319,1
Q03141; Q8VHJ5,1
Q03146,1
Q03249,1
Q03311,1
Q03734,1
Q03740; P04345; P04342,1
Q04519,1
Q04863,1
Q05144,1
Q05685,1
Q05928,1
Q05A62,1
Q05AH6,1
Q05D44; Q99NH0,1
Q06138; Q9DB16,1
Q06185; Q64338,1
Q07079,1
Q07231,1
Q07417,1
Q07968,1
Q08091; Q9DAW9,1
Q08093; Q08091; Q9DAW9,1
Q08093; Q9DAW9,1
Q08331; P12658,1
Q08376,1
Q08761,1
Q09XV5; Q8BYH8,1
Q0GA42,1
Q0GA42; Q3TWN3,1
Q0GNC1; Q8BH79,1
Q0P5W1,1
Q0PHV7,1
Q0VEE6,1
Q0VGU4,1
Q149C2,1
Q149F3,1
Q14B46,1
Q14DH7,1
Q2EMV9,1
Q2MV57,1
Q2PZL6,1
Q2TV84,1
Q2UY11,1
Q2VPQ9,1
Q2YFS2,1
Q3TA38,1
Q3TC72,1
Q3TEL6,1
Q3TGW2,1
Q3THW5; Q8CGP5; P27661; Q8CGP7; Q6GSS7,1
Q3TIR3,1
Q3TLD5,1
Q3TMP8,1
Q3TMW1,1
Q3TP92,1
Q3TTC2,1
Q3TTI8,1
Q3TTY5; P50446; P04104; Q6IME9; Q8BGZ7; P07744; P11679; Q6IFZ6; Q3UV17; Q9Z331; Q922U2,1
Q3TUA9,1
Q3TUH1,1
Q3TWN3,1
Q3TX08,1
Q3TXU5,1
Q3TY60,1
Q3TYD4,1
Q3TYQ9,1
Q3TZX3,1
Q3U0B3,1
Q3U0V2,1
Q3U108,1
Q3U182,1
Q3U1F9,1
Q3U2A8,1
Q3U2S4,1
Q3U5C8,1
Q3U7U3,1
Q3UBX0,1
Q3UBZ5,1
Q3UC65,1
Q3UDP0,1
Q3UDR8,1
Q3UFB2,1
Q3UFK8,1
Q3UGF1,1
Q3UGS4,1
Q3UGX3,1
Q3UGY8,1
Q3UH66; P83741,1
Q3UH93,1
Q3UHB1,1
Q3UHC0,1
Q3UHD1,1
Q3UHD3,1
Q3UHH1,1
Q3UHH2,1
Q3UHH8,1
Q3UHK6,1
Q3UHK6; Q9WTS6,1
Q3UHX9,1
Q3UI43,1
Q3ULF4,1
Q3UMF0,1
Q3UN90,1
Q3UPH7,1
Q3UPR9,1
Q3UQ28,1
Q3UQU0,1
Q3URQ0,1
Q3US17; O70494; Q62445,1
Q3UTA9,1
Q3UTD9,1
Q3UTH8,1
Q3UTJ2; Q62417,1
Q3UUI3,1
Q3UUJ4,1
Q3UV17,1
Q3UYV9; P98203,1
Q3UZA1,1
Q3UZP4,1
Q3V080,1
Q3V0G7,1
Q3V0K9,1
Q3V0K9; Q99K51,1
Q3V1D3,1
Q3V384,1
Q3V3R1; Q922D8,1
Q3V3R4,1
Q3ZK22,1
Q497V5,1
Q4ACU6,1
Q4FK66,1
Q4FZC9,1
Q4FZG9,1
Q4JIM5,1
Q4KML4,1
Q4KWH5,1
Q4QRL3,1
Q4VAA7,1
Q4VAE3,1
Q4VBE4,1
Q4VC33,1
Q501J2,1
Q505D1,1
Q50H33; Q6WVG3,1
Q52KR3,1
Q569Z6; Q8K019,1
Q571I4,1
Q571J5,1
Q571K4,1
Q5BLK4,1
Q5BU09,1
Q5DTX6,1
Q5DTY9,1
Q5DU02,1
Q5EBG8,1
Q5F2E8,1
Q5F2E8; Q8BYC6,1
Q5FW85,1
Q5I012,1
Q5M8N4,1
Q5NCE8,1
Q5NCH9,1
Q5NCI0,1
Q5NCR9,1
Q5NCX5,1
Q5ND29,1
Q5QD16,1
Q5RJG7,1
Q5RJH6,1
Q5RKZ7,1
Q5SF07,1
Q5SQF8,1
Q5SS00,1
Q5SSM3; Q3UIA2,1
Q5SU73,1
Q5SUC9,1
Q5SWD9,1
Q5SX39; A2AQP0,1
Q5SX39; Q91Z83,1
Q5SX40; P13541,1
Q5SX40; P13541; Q5SX39; A2AQP0; P13542,1
Q5SX40; P13541; Q5SX39; O08638; A2AQP0; Q91Z83; P13542,1
Q5SX40; Q5SNZ0; A2APV2,1
Q5SX40; Q91Z83; P13542,1
Q5SXG7,1
Q5SXY1; O54988,1
Q5U5Q9,1
Q5U5V2,1
Q5XJE5,1
Q5XJY4,1
Q5XKN4,1
Q5XPI3,1
Q5XPI3; Q497V5,1
Q5Y5T1,1
Q60575; O35071,1
Q60596,1
Q60662,1
Q60722,1
Q60738,1
Q60751; P15208,1
Q60753,1
Q60770; Q64324,1
Q60771,1
Q60780,1
Q60829,1
Q60855,1
Q60949,1
Q60967; O88428,1
Q61017; P61953; Q61012,1
Q61024,1
Q61037,1
Q61043,1
Q61048,1
Q61056,1
Q61072,1
Q61083,1
Q61093,1
Q61103,1
Q61122,1
Q61127,1
Q61129,1
Q61137,1
Q61151; Q6PD28,1
Q61233; Q3V0K9; Q99K51,1
Q61235; Q99L88,1
Q61245; O88207,1
Q61285,1
Q61316; Q8VHG2,1
Q61337,1
Q61371,1
Q61387,1
Q61409,1
Q61419,1
Q61542,1
Q61548; Q7M6Y3,1
Q61549,1
Q61576; Q9Z247,1
Q61584; Q9WVR4; P35922,1
Q61603,1
Q61609,1
Q61616,1
Q61624,1
Q61644; Q70IV5,1
Q61666,1
Q61696; P63017,1
Q61699; Q61316,1
Q61733,1
Q61762,1
Q61768; P33175,1
Q61789,1
Q61790,1
Q61805,1
Q61827,1
Q61990; P57722,1
Q61990; P57724; P60335; P57722,1
Q62011,1
Q62052,1
Q62082; P51667,1
Q62101,1
Q62120,1
Q62130,1
Q62136,1
Q62141,1
Q62148; Q9CZS1,1
Q62179,1
Q62186,1
Q62270,1
Q62276,1
Q62280,1
Q62356,1
Q62394,1
Q62406,1
Q62442,1
Q62469,1
Q62481,1
Q62504,1
Q62559,1
Q63739,1
Q63844; P63085,1
Q63871,1
Q63912,1
Q63ZW7,1
Q64018,1
Q640M1,1
Q64112,1
Q64143,1
Q64152,1
Q64191,1
Q641K1,1
Q641K5,1
Q641P0; Q99JY9,1
Q64261,1
Q64267,1
Q64311,1
Q64332; O88935,1
Q64332; Q8JZP2,1
Q64343,1
Q64362,1
Q64430,1
Q64512,1
Q64519,1
Q64522; Q8CGP5; P27661; Q8CGP7; Q6GSS7,1
Q64524,1
Q64524; Q8CGP1; P10854; Q9D2U9,1
Q64525; P10854,1
Q64525; Q8CGP1; P10854; P70696,1
Q64700,1
Q64705,1
Q66L44,1
Q684R7,1
Q68ED3,1
Q68FD9,1
Q68FF7,1
Q68FM6; Q8C8T7,1
Q69Z26,1
Q69Z37,1
Q69Z61,1
Q69ZH9,1
Q69ZK0,1
Q69ZS6,1
Q69ZT1,1
Q69ZZ6,1
Q6A065; Q80U49,1
Q6A085,1
Q6A085; Q3US17; Q9Z1D9; E9QAG8; Q571J5,1
Q6A0A2,1
Q6AW69; P59242,1
Q6DFV7,1
Q6DG52,1
Q6DYE8,1
Q6GQS1; A2ASZ8,1
Q6GQT6,1
Q6GYP7,1
Q6IFX2; P08730,1
Q6IFX2; Q61414; P19001; Q61781; Q9QWL7,1
Q6IME9,1
Q6IQY5,1
Q6NS46,1
Q6NS57,1
Q6NS82,1
Q6NSU3,1
Q6NWV3,1
Q6NWW9,1
Q6NZN0; Q5SFM8,1
Q6NZQ2,1
Q6NZR2,1
Q6P1H6,1
Q6P1I6,1
Q6P1Y8,1
Q6P2B1,1
Q6P2L7,1
Q6P3A8,1
Q6P3Y5,1
Q6P3Z3,1
Q6P4T1,1
Q6P542; Q7TPM1,1
Q6P549,1
Q6P5E8,1
Q6P5F6,1
Q6P6M7,1
Q6P7W0,1
Q6P9J5,1
Q6P9J5; Q8BX02,1
Q6P9R2; Q9Z1W9,1
Q6P9S0; Q8R1S4,1
Q6P9S7,1
Q6PA06; Q8BH66,1
Q6PAK3,1
Q6PAK3; Q9JIF0,1
Q6PAL7,1
Q6PAM0,1
Q6PAV2,1
Q6PB51,1
Q6PB90,1
Q6PCN7,1
Q6PCZ4,1
Q6PD24,1
Q6PD28,1
Q6PDF3,1
Q6PER3; Q61166,1
Q6PER3; Q8R001,1
Q6PFR5; P62996,1
Q6PFX7,1
Q6PGC7,1
Q6PGG6,1
Q6PH08; Q99MI1,1
Q6PHN9; Q923S9,1
Q6PHS9; O08532,1
Q6PIU9,1
Q6Q477; Q8CB44,1
Q6Q899; Q61292,1
Q6R5N8,1
Q6S5J6,1
Q6SKR2,1
Q6VGS5,1
Q6VNS1,1
Q6VVW5,1
Q6WVG3; Q5DTY9,1
Q6Y685; Q9JJG0,1
Q6Y7W8,1
Q6YGZ1,1
Q6ZPF4; A2APV2,1
Q6ZPF4; O35551; Q99KJ8,1
Q6ZPJ0,1
Q6ZPK0,1
Q6ZPL9,1
Q6ZPQ6; O35954,1
Q6ZPV2,1
Q6ZQ03,1
Q6ZQ29; Q5F2E8; Q8BYC6,1
Q6ZQ73,1
Q6ZQ93,1
Q6ZQE4,1
Q6ZQL4,1
Q6ZWQ7,1
Q6ZWU9,1
Q6ZWY3,1
Q6ZWY8,1
Q6ZWZ2,1
Q70KF4,1
Q71KU9,1
Q76M72,1
Q78HU3,1
Q78IK2,1
Q78KK3,1
Q78YZ6,1
Q7M6Y2,1
Q7M6Z0,1
Q7M707,1
Q7TMK6,1
Q7TMM9; P68372; Q9CWF2,1
Q7TMM9; P99024; P68372; Q9CWF2; Q922F4,1
Q7TMM9; Q9ERD7; P99024; P68372; Q9CWF2; Q922F4,1
Q7TMW6,1
Q7TMY7,1
Q7TN31,1
Q7TN33,1
Q7TN33; Q62261,1
Q7TN73,1
Q7TNS2,1
Q7TNS7,1
Q7TNU7,1
Q7TPB0,1
Q7TPD3,1
Q7TPE5,1
Q7TPM1,1
Q7TPQ3,1
Q7TPW1; Q62418,1
Q7TQ62,1
Q7TQC5,1
Q7TSF4,1
Q7TSG1,1
Q7TSK3,1
Q80SW1; Q68FL4; P50247,1
Q80SY4,1
Q80T74,1
Q80TK0,1
Q80TN4,1
Q80TR1,1
Q80TZ9,1
Q80U19,1
Q80U19; Q8BPM0,1
Q80U23,1
Q80U30,1
Q80UG1,1
Q80UN9,1
Q80UP3,1
Q80V23,1
Q80V24,1
Q80V94,1
Q80VC6,1
Q80VD1; Q3TJZ6,1
Q80VI1,1
Q80VM4,1
Q80VQ0,1
Q80W03,1
Q80W14,1
Q80W54,1
Q80WC7,1
Q80WG5,1
Q80WM3; Q8R1B5,1
Q80WR1,1
Q80WS3; P35550,1
Q80WT5,1
Q80WV3,1
Q80WV7,1
Q80X85,1
Q80X90; Q8BTM8,1
Q80X90; Q8VHX6,1
Q80XB4,1
Q80XC3,1
Q80XH1,1
Q80XL6; Q9CQJ4,1
Q80XP8,1
Q80XQ2,1
Q80XS6,1
Q80Y24,1
Q80Y84,1
Q80YE7,1
Q80YR4,1
Q80YR9,1
Q80YS6,1
Q80YT7,1
Q80YV3,1
Q80Z10,1
Q80ZF8,1
Q80ZI1,1
Q80ZJ1,1
Q80ZK0,1
Q80ZV0,1
Q810A3,1
Q810D6,1
Q811B5,1
Q811D2,1
Q811P8,1
Q811Q9,1
Q811U4,1
Q812A2; P97742,1
Q8BFP9,1
Q8BFQ8,1
Q8BFU3; P58774; P21107; P58771,1
Q8BFY6,1
Q8BFZ2,1
Q8BFZ3,1
Q8BG15,1
Q8BG21,1
Q8BG39; Q69ZS6,1
Q8BG39; Q9JIS5,1
Q8BG40,1
Q8BG58,1
Q8BG79,1
Q8BG87,1
Q8BGA2,1
Q8BGA7,1
Q8BGB5,1
Q8BGB5; Q9ERG0,1
Q8BGD5,1
Q8BGG9,1
Q8BGH4,1
Q8BGL1,1
Q8BGN2,1
Q8BGQ6,1
Q8BGW5,1
Q8BGZ2,1
Q8BGZ7,1
Q8BGZ7; P11679; Q922U2,1
Q8BH01,1
Q8BH27,1
Q8BH51,1
Q8BH75,1
Q8BHC0,1
Q8BHC9,1
Q8BHD7,1
Q8BHE3,1
Q8BHE8,1
Q8BHI7,1
Q8BHN0,1
Q8BHS6,1
Q8BHT6,1
Q8BHZ0,1
Q8BHZ4,1
Q8BI22,1
Q8BI22; Q9CQD1; P61021,1
Q8BIE6,1
Q8BIG4,1
Q8BIH0,1
Q8BIJ7; Q8R4C2,1
Q8BIL5; Q8BUK6,1
Q8BIV3,1
Q8BIX3,1
Q8BJ03,1
Q8BJ37,1
Q8BJ64,1
Q8BJD1,1
Q8BJU2,1
Q8BK35,1
Q8BKE5,1
Q8BKG3,1
Q8BKY8,1
Q8BL48; O88737,1
Q8BL66; Q3UMU9,1
Q8BL97; P84104,1
Q8BLI0,1
Q8BLJ3,1
Q8BLN5,1
Q8BLR9,1
Q8BM39,1
Q8BM55,1
Q8BMB3,1
Q8BMD5,1
Q8BMF3; Q99KE1,1
Q8BMZ5,1
Q8BMZ5; Q9DBR0,1
Q8BN59,1
Q8BND3,1
Q8BND5,1
Q8BNV1,1
Q8BP00,1
Q8BP22,1
Q8BPS4,1
Q8BQ47,1
Q8BQ89,1
Q8BQM4,1
Q8BR65,1
Q8BRG8,1
Q8BS40,1
Q8BSF4,1
Q8BSI6,1
Q8BSZ2,1
Q8BT14,1
Q8BT60; Q8JZW4; P59108; Q9Z140,1
Q8BTE0,1
Q8BTE5,1
Q8BTF8; Q9Z204,1
Q8BTG7,1
Q8BTH8,1
Q8BTJ4,1
Q8BTV1; Q9CQY5,1
Q8BTY2; Q5DTL9,1
Q8BTZ5,1
Q8BTZ7,1
Q8BU00,1
Q8BU04,1
Q8BU31,1
Q8BU31; P61226; Q80ZJ1,1
Q8BU33,1
Q8BUH8; Q6P7W0,1
Q8BUV6,1
Q8BUY5,1
Q8BUY8,1
Q8BV57,1
Q8BVA4,1
Q8BVA5,1
Q8BVE8,1
Q8BVI5,1
Q8BVL9,1
Q8BVM4,1
Q8BVP5,1
Q8BVP5; Q8BTH8,1
Q8BVU0,1
Q8BW22,1
Q8BW70,1
Q8BW96; Q91YS8,1
Q8BWF2,1
Q8BWG8; P20443,1
Q8BX90,1
Q8BX94,1
Q8BXA5,1
Q8BXA7,1
Q8BXJ8,1
Q8BXK8,1
Q8BXT1,1
Q8BXX9,1
Q8BY02,1
Q8BYH7,1
Q8BYH8,1
Q8BYI6,1
Q8BYI8,1
Q8BYM5,1
Q8BYN5,1
Q8BYW1,1
Q8BZ21,1
Q8BZ36,1
Q8BZ60,1
Q8BZ97,1
Q8C006,1
Q8C015,1
Q8C033,1
Q8C092,1
Q8C0D0,1
Q8C0D9,1
Q8C0E3,1
Q8C0K5,1
Q8C0L6,1
Q8C0T5,1
Q8C142,1
Q8C170,1
Q8C172,1
Q8C176,1
Q8C190,1
Q8C1E7,1
Q8C1S0,1
Q8C2L6,1
Q8C341,1
Q8C3F2; Q6A0A9,1
Q8C3Q9,1
Q8C3W1,1
Q8C3X8,1
Q8C407,1
Q8C4G9,1
Q8C4Q6,1
Q8C5W0,1
Q8C650; Q9R1T4; Q8CHH9; Q8C1B7,1
Q8C739,1
Q8C7D2,1
Q8C7E7,1
Q8C7K6,1
Q8C7V3,1
Q8C804,1
Q8C8T8,1
Q8C9H6,1
Q8C9S4,1
Q8CA71,1
Q8CAK1,1
Q8CAS9,1
Q8CAV0,1
Q8CB44,1
Q8CBY3,1
Q8CC36,1
Q8CDA1,1
Q8CDC7,1
Q8CDJ8,1
Q8CDM1,1
Q8CE90,1
Q8CEE0,1
Q8CES0,1
Q8CF02,1
Q8CF89,1
Q8CFA2,1
Q8CFB4,1
Q8CFC7,1
Q8CFI2,1
Q8CG14,1
Q8CG70,1
Q8CG79,1
Q8CGA4,1
Q8CGB3; Q9JL26,1
Q8CGB6,1
Q8CGC4,1
Q8CGC6,1
Q8CGN4,1
Q8CGP1; P70696; Q9D2U9,1
Q8CGP5,1
Q8CGP5; P27661; Q8CGP7; Q6GSS7,1
Q8CGP7,1
Q8CH18; Q6PDH0,1
Q8CHG7,1
Q8CHH9; Q8C1B7,1
Q8CHP6,1
Q8CHT3,1
Q8CHY3,1
Q8CI08,1
Q8CI43; Q60605,1
Q8CI66,1
Q8CI70,1
Q8CI75,1
Q8CI85,1
Q8CIF4,1
Q8CII2,1
Q8CIQ7,1
Q8CIR4,1
Q8CIV2,1
Q8CJ19,1
Q8CJ67,1
Q8CJG1; Q8CJF9,1
Q8CJG1; Q8CJG0,1
Q8JZL3,1
Q8JZP2,1
Q8JZP9,1
Q8JZR0,1
Q8JZR4,1
Q8JZR6; O88343; Q5DTL9,1
Q8JZS6,1
Q8JZU0,1
Q8K007,1
Q8K009,1
Q8K012,1
Q8K0D0,1
Q8K0D7,1
Q8K0P3,1
Q8K0S0; Q8BGT8,1
Q8K0T7,1
Q8K0Y7,1
Q8K199,1
Q8K1A0,1
Q8K1C9,1
Q8K1E6,1
Q8K1N2,1
Q8K1R3,1
Q8K215,1
Q8K221,1
Q8K299,1
Q8K2A7,1
Q8K2C8,1
Q8K2D3,1
Q8K2H1,1
Q8K2I1,1
Q8K2I3,1
Q8K2Q5,1
Q8K2T4,1
Q8K2Y9,1
Q8K2Z4,1
Q8K337,1
Q8K353,1
Q8K370; Q80XL6,1
Q8K3B1,1
Q8K3G5,1
Q8K3V7,1
Q8K3W3,1
Q8K442; Q8K449,1
Q8K449; Q8K440,1
Q8K479,1
Q8K4B0; Q9R190; Q924K8,1
Q8K4F5,1
Q8K4G2,1
Q8K4G5; Q9WV69; Q8BL65,1
Q8K4L0,1
Q8K4Q7,1
Q8K4X7,1
Q8K596,1
Q8K5B2,1
Q8N9S3,1
Q8QZR5,1
Q8QZV2,1
Q8QZZ7,1
Q8QZZ8,1
Q8R088,1
Q8R089,1
Q8R0F5,1
Q8R0N6,1
Q8R0Y8,1
Q8R100,1
Q8R124,1
Q8R149,1
Q8R151,1
Q8R179,1
Q8R1C3,1
Q8R1E7,1
Q8R1K1,1
Q8R1K4,1
Q8R1Q9,1
Q8R1S4,1
Q8R2E9,1
Q8R2G4,1
Q8R2K4,1
Q8R2N0,1
Q8R2U6,1
Q8R310,1
Q8R326; Q99K48,1
Q8R395,1
Q8R3C6,1
Q8R3F9,1
Q8R3P6,1
Q8R3P9,1
Q8R3T5,1
Q8R4D1,1
Q8R4E6,1
Q8R4E6; O35295,1
Q8R5A3,1
Q8R5C8,1
Q8R5F7,1
Q8R5H1; P35123,1
Q8R5K2,1
Q8R5L3,1
Q8VBT1,1
Q8VC12,1
Q8VC33,1
Q8VC65,1
Q8VC70,1
Q8VC70; Q91W59,1
Q8VC88,1
Q8VCB2,1
Q8VCC8,1
Q8VCD7,1
Q8VCG4,1
Q8VCH6,1
Q8VCI0,1
Q8VCJ6,1
Q8VCM3,1
Q8VCM5,1
Q8VCN5,1
Q8VCR8,1
Q8VCT4,1
Q8VCX6,1
Q8VCY6,1
Q8VD00,1
Q8VD26,1
Q8VD33,1
Q8VD66,1
Q8VDC0,1
Q8VDG5,1
Q8VDG7,1
Q8VDI1,1
Q8VDI7,1
Q8VDN2; Q6PIC6,1
Q8VDQ1,1
Q8VDS4,1
Q8VDT9,1
Q8VDU0,1
Q8VDV0,1
Q8VE04,1
Q8VE11,1
Q8VE38,1
Q8VE52,1
Q8VE95,1
Q8VE97; Q3TWW8; O35326,1
Q8VEA4,1
Q8VEB3,1
Q8VEF1,1
Q8VEG0,1
Q8VEH6,1
Q8VEK2,1
Q8VEK6,1
Q8VEL0,1
Q8VHC3,1
Q8VHG2,1
Q8VHH5,1
Q8VHJ5,1
Q8VHN7,1
Q8VHP7,1
Q8VHS2,1
Q8VI33,1
Q8VI56,1
Q8VI94,1
Q8VIJ6; Q8R326; Q6Y7W8; Q99K48,1
Q8VIJ6; Q99K48,1
Q8WUR0,1
Q91V24,1
Q91V27,1
Q91V51,1
Q91V98,1
Q91VC9,1
Q91VE6,1
Q91VK1; Q9CQC6,1
Q91VK4,1
Q91VL9,1
Q91VN1,1
Q91VR2; P26039,1
Q91VU6,1
Q91W40; Q9DBS5,1
Q91W96,1
Q91WB2,1
Q91WB7,1
Q91WE1,1
Q91WJ7,1
Q91WK7,1
Q91WM2,1
Q91WP0,1
Q91WZ8,1
Q91X05,1
Q91X52,1
Q91X52; P08074,1
Q91X58,1
Q91X97,1
Q91X97; P84075,1
Q91XC9,1
Q91XD2,1
Q91XE8,1
Q91XM9; Q811D0; Q62108,1
Q91YI4,1
Q91YN0,1
Q91YN9,1
Q91YP3,1
Q91YT2,1
Q91YT7,1
Q91YT8,1
Q91YU3,1
Q91YU6,1
Q91YU8,1
Q91YY4,1
Q91Z49,1
Q91Z61,1
Q91Z67; Q812A2,1
Q91ZD6,1
Q91ZF0,1
Q91ZN5,1
Q91ZP9,1
Q91ZT5,1
Q91ZW2,1
Q920Q6; Q61474,1
Q920R0,1
Q921C3,1
Q921C5,1
Q921E6,1
Q921K9,1
Q921N7,1
Q922B9,1
Q922F4,1
Q922J6,1
Q922K7,1
Q922K7; Q9DCF9,1
Q922M7,1
Q922X9,1
Q923B0,1
Q923B6,1
Q923S9,1
Q923X4,1
Q923Z0,1
Q923Z3,1
Q924C5,1
Q924D0,1
Q924K8,1
Q924N4; Q91V14,1
Q924N4; Q9WVL3; Q9JIS8; Q91V14,1
Q924S2,1
Q924T3,1
Q924T7,1
Q924X2; P97742,1
Q924Z4,1
Q925J9,1
Q925N2,1
Q925T6,1
Q99J09,1
Q99J10,1
Q99J21,1
Q99J27,1
Q99J38,1
Q99J45,1
Q99J56,1
Q99J85,1
Q99J87,1
Q99J95,1
Q99JF8; P51859; Q9JMG7; Q3UMU9,1
Q99JH1,1
Q99JP0,1
Q99JP4,1
Q99JP6; Q9Z2Y3,1
Q99JY4,1
Q99K30,1
Q99K67,1
Q99K70; Q7TT45,1
Q99K74,1
Q99K95,1
Q99KF0,1
Q99KK1,1
Q99KK9; Q61035,1
Q99KU0,1
Q99KY4; Q80TZ3,1
Q99L27; Q9DCZ1,1
Q99LC8,1
Q99LC9,1
Q99LD8; Q9CWS0,1
Q99LD9,1
Q99LG1,1
Q99LG2,1
Q99LH2,1
Q99LL5,1
Q99LN9,1
Q99LU0,1
Q99M01,1
Q99M07,1
Q99M15,1
Q99M31,1
Q99MB7,1
Q99MR3,1
Q99N11,1
Q99N11; P05202,1
Q99N84,1
Q99N85,1
Q99N94,1
Q99N96,1
Q99NA9,1
Q99NB8,1
Q99NE5,1
Q99NF1,1
Q99NF3,1
Q99NG0,1
Q99NH7,1
Q99P87,1
Q99PN0,1
Q99PN3,1
Q99PW4,1
Q9CPQ3,1
Q9CPQ8,1
Q9CPR4; Q71LX4,1
Q9CPR8,1
Q9CPS7,1
Q9CPU2,1
Q9CPX7,1
Q9CPY1,1
Q9CQ00,1
Q9CQ06,1
Q9CQ26,1
Q9CQ28,1
Q9CQ40,1
Q9CQ71,1
Q9CQ88,1
Q9CQ89,1
Q9CQ90,1
Q9CQA9,1
Q9CQC9,1
Q9CQD1; P61021,1
Q9CQD4,1
Q9CQE5,1
Q9CQE6,1
Q9CQF0,1
Q9CQG2,1
Q9CQI7; Q62189,1
Q9CQJ4,1
Q9CQL5,1
Q9CQN7,1
Q9CQQ0,1
Q9CQU3,1
Q9CQV4,1
Q9CQV5,1
Q9CQV8; P63101,1
Q9CQW0,1
Q9CQW2,1
Q9CQY1,1
Q9CR10,1
Q9CR11,1
Q9CR16; Q99KR7; Q9ERU9,1
Q9CR27,1
Q9CR37,1
Q9CR39,1
Q9CR41,1
Q9CR50,1
Q9CR57,1
Q9CR80,1
Q9CR84,1
Q9CR89,1
Q9CRA4,1
Q9CRB9; Q80U87,1
Q9CRC0,1
Q9CRC6,1
Q9CRG1,1
Q9CS42,1
Q9CSB4,1
Q9CU65; A2A791; Q9JLM4,1
Q9CVI2,1
Q9CWD3,1
Q9CWF2,1
Q9CWG9,1
Q9CWH5,1
Q9CWK8; Q9WV80,1
Q9CWR0,1
Q9CWR2,1
Q9CWT3,1
Q9CWU4,1
Q9CWY8,1
Q9CX11,1
Q9CX30,1
Q9CX60,1
Q9CX84,1
Q9CXD6,1
Q9CXE7,1
Q9CXT8; Q9CZ13,1
Q9CXU0,1
Q9CXW2,1
Q9CXY1,1
Q9CY16,1
Q9CY18,1
Q9CY21,1
Q9CY45,1
Q9CY50,1
Q9CY52,1
Q9CY62,1
Q9CY66,1
Q9CYA6,1
Q9CYL5,1
Q9CZ28,1
Q9CZA5,1
Q9CZE3; Q8QZZ8,1
Q9CZN4,1
Q9CZP0,1
Q9CZP7,1
Q9CZR3,1
Q9CZS3,1
Q9CZT4,1
Q9D009,1
Q9D023; E9Q3L2; Q80Z10,1
Q9D081,1
Q9D0B5,1
Q9D0C4,1
Q9D0D3,1
Q9D0D4,1
Q9D0E1; Q91VC4,1
Q9D0F1,1
Q9D0F6,1
Q9D0I6,1
Q9D0I8,1
Q9D0J4,1
Q9D0L4,1
Q9D0P0,1
Q9D0Q7,1
Q9D0R2; Q8BLY2,1
Q9D0Y8,1
Q9D125,1
Q9D162,1
Q9D168,1
Q9D187,1
Q9D1B9,1
Q9D1F4,1
Q9D1H8,1
Q9D1H9,1
Q9D1I5,1
Q9D1P2,1
Q9D1R2,1
Q9D211,1
Q9D258,1
Q9D2C2,1
Q9D2D9,1
Q9D2E2,1
Q9D2L1,1
Q9D2P4,1
Q9D2Q2,1
Q9D2R0,1
Q9D2R6,1
Q9D2U9,1
Q9D387,1
Q9D394; Q8BIJ7; Q8R4C2,1
Q9D3A8,1
Q9D3A9,1
Q9D3B1,1
Q9D3D0,1
Q9D3G9,1
Q9D3U0,1
Q9D483,1
Q9D486,1
Q9D4F2,1
Q9D4H2; Q5SX40; P13541; Q5SX39; O08638; A2AQP0; Q91Z83; P13542,1
Q9D4H9,1
Q9D4V7,1
Q9D5R2,1
Q9D659,1
Q9D6F9; P99024; P68372; Q9CWF2; Q922F4,1
Q9D6F9; Q9ERD7; P99024; P68372,1
Q9D6H2,1
Q9D6J3,1
Q9D6K8,1
Q9D6K9,1
Q9D6P8,1
Q9D6W8,1
Q9D6Z0,1
Q9D708,1
Q9D720,1
Q9D783,1
Q9D7B1,1
Q9D7S7,1
Q9D7V2,1
Q9D853,1
Q9D868,1
Q9D882,1
Q9D8B1,1
Q9D8C3,1
Q9D8K3,1
Q9D8M4,1
Q9D8M7,1
Q9D8N2,1
Q9D8N6,1
Q9D8T0,1
Q9D8V0,1
Q9D8V7,1
Q9D8Y1,1
Q9D8Y8,1
Q9D8Z2,1
Q9D945,1
Q9D958,1
Q9D9H8,1
Q9D9J3,1
Q9D9N8,1
Q9DAA6,1
Q9DAI2,1
Q9DAK4,1
Q9DAT5,1
Q9DAV9,1
Q9DAX2,1
Q9DAY5,1
Q9DB07,1
Q9DB25,1
Q9DB26,1
Q9DB29,1
Q9DB30,1
Q9DB32,1
Q9DB43,1
Q9DB50,1
Q9DB52,1
Q9DB85,1
Q9DBB5,1
Q9DBB9,1
Q9DBD0; Q921I1,1
Q9DBD5,1
Q9DBE9,1
Q9DBG1,1
Q9DBG9,1
Q9DBH0,1
Q9DBM1,1
Q9DBM2,1
Q9DBN5,1
Q9DBS2,1
Q9DBS5; O88447,1
Q9DBS5; O88447; O88448,1
Q9DBS5; O88448,1
Q9DBS8,1
Q9DBT3,1
Q9DBT4,1
Q9DBU0,1
Q9DBU3,1
Q9DBU6,1
Q9DBW0,1
Q9DBW3,1
Q9DC28,1
Q9DC28; Q8BK63,1
Q9DC29,1
Q9DC37,1
Q9DC40,1
Q9DC48,1
Q9DC51; P50149; P08752; B2RSH2,1
Q9DCA5,1
Q9DCI3,1
Q9DCM4,1
Q9DCU2,1
Q9DCV4,1
Q9DCX1,1
Q9DD03,1
Q9EP82,1
Q9EP82; Q9JI19,1
Q9EP97,1
Q9EPK2,1
Q9EPK6,1
Q9EPL9,1
Q9EPR4,1
Q9EPT5,1
Q9EPV8,1
Q9EQ15,1
Q9EQJ0,1
Q9EQP2; Q9QXY6; Q9WVK4,1
Q9EQQ0,1
Q9EQQ2,1
Q9EQX4,1
Q9ER73,1
Q9ERA6; Q3TFD2,1
Q9ERB5,1
Q9ERD7; Q922F4,1
Q9ERE3,1
Q9ERN0,1
Q9ERR1,1
Q9ERR8,1
Q9ERS5,1
Q9ERS6,1
Q9ERU3; P15620; P10078; P16372; Q6A085; E9QAG8; Q9ERR8; P17141; Q571J5,1
Q9ERV1,1
Q9ERZ3,1
Q9ES28; Q8K4I3,1
Q9ES30,1
Q9ES97; Q8K0T0,1
Q9ESC8; Q9WV02; Q91VM5,1
Q9ESJ0,1
Q9ESJ4,1
Q9EST3,1
Q9EST4,1
Q9ESU6; Q8K2F0,1
Q9ET66,1
Q9JHF7,1
Q9JHH5,1
Q9JHN8,1
Q9JHR9,1
Q9JI02,1
Q9JI46; P0C027; Q8R2U6,1
Q9JII1,1
Q9JIS8; Q91V14,1
Q9JJ48,1
Q9JJ69,1
Q9JJE4,1
Q9JJE7,1
Q9JJF3,1
Q9JJN6,1
Q9JJT0,1
Q9JJV4,1
Q9JJY4,1
Q9JJZ2,1
Q9JJZ2; P68369; P68373,1
Q9JK48; Q8R3V5,1
Q9JK83,1
Q9JKC8,1
Q9JKC8; Q8R2R9,1
Q9JKL4,1
Q9JKV5,1
Q9JKY0,1
Q9JKZ2,1
Q9JL04,1
Q9JL15,1
Q9JL60,1
Q9JL60; P58929,1
Q9JLB9,1
Q9JLC8,1
Q9JLG8,1
Q9JLJ1,1
Q9JLK3,1
Q9JLK7,1
Q9JLM4,1
Q9JLQ2,1
Q9JLQ2; Q68FF6,1
Q9JLR9,1
Q9JM13,1
Q9JM61,1
Q9JM93,1
Q9JME5; P11531,1
Q9JME7,1
Q9JMG3,1
Q9QUI0; Q62159; P62746,1
Q9QW08; Q9DBX2,1
Q9QX66,1
Q9QXB9; P32233,1
Q9QXE2,1
Q9QXM0,1
Q9QXN3,1
Q9QXT5,1
Q9QXZ0; Q9QXS1,1
Q9QY06; Q8C170,1
Q9QY33,1
Q9QYF9; Q8BTG7; Q9QYG0,1
Q9QYI6,1
Q9QYL7,1
Q9QYY9,1
Q9QZ05,1
Q9QZ47; O88346,1
Q9QZ67,1
Q9QZ73; Q8BZJ7,1
Q9QZA0,1
Q9QZB9,1
Q9QZE5; Q9QXK3,1
Q9QZH3; Q99KR7,1
Q9QZJ6; Q3TIR3,1
Q9QZN1,1
Q9QZQ8; Q8CCK0,1
Q9QZR0,1
Q9QZR9,1
Q9QZS2,1
Q9R008,1
Q9R022,1
Q9R049,1
Q9R060,1
Q9R0A0,1
Q9R0B6,1
Q9R0C8,1
Q9R0E1,1
Q9R0E2,1
Q9R0H2,1
Q9R0I7; Q8JZS6; P16330,1
Q9R0L7,1
Q9R0M6,1
Q9R0N8,1
Q9R0X0,1
Q9R0Y1,1
Q9R1E6,1
Q9R1J0,1
Q9R1L5,1
Q9R1Q7,1
Q9R1S0,1
Q9R1S8,1
Q9R1T4; Q8CHH9,1
Q9R1W5,1
Q9R1Z7,1
Q9R257,1
Q9WTK2,1
Q9WTP2,1
Q9WTR1,1
Q9WTS2,1
Q9WTZ0,1
Q9WTZ1,1
Q9WTZ8,1
Q9WU01; Q60749,1
Q9WU01; Q9R226; Q60749,1
Q9WU81,1
Q9WU84,1
Q9WUA5,1
Q9WUA6,1
Q9WUJ8,1
Q9WUK4,1
Q9WUT3,1
Q9WUU9,1
Q9WUX5,1
Q9WUZ5,1
Q9WV35,1
Q9WV92; O70318; P48193,1
Q9WV92; Q9Z2H5,1
Q9WV95,1
Q9WV96,1
Q9WVB0,1
Q9WVB0; Q8VC52,1
Q9WVC3,1
Q9WVK4; Q8BH64,1
Q9WVL3; Q91V14,1
Q9WVL5,1
Q9WVS8,1
Q9Z0F4,1
Q9Z0G0,1
Q9Z0J4; P70313,1
Q9Z0P4; Q8BR92,1
Q9Z0P5; Q91YR1,1
Q9Z0S9,1
Q9Z0U0,1
Q9Z0V7,1
Q9Z0W1,1
Q9Z0W3,1
Q9Z108; Q8CJ67,1
Q9Z120,1
Q9Z129,1
Q9Z130; Q99020,1
Q9Z172,1
Q9Z175,1
Q9Z1B8,1
Q9Z1D9,1
Q9Z1F6,1
Q9Z1K7,1
Q9Z1L5,1
Q9Z1R3,1
Q9Z1R4,1
Q9Z1T1; P34057,1
Q9Z1T2; Q9R0G6,1
Q9Z1X2,1
Q9Z211,1
Q9Z224,1
Q9Z2A0,1
Q9Z2A7,1
Q9Z2B9; Q8C050,1
Q9Z2C4,1
Q9Z2D3,1
Q9Z2D8,1
Q9Z2E2,1
Q9Z2K1; Q6IFX2; P08730; P05784; Q61414; P02535; P19001; Q61781; Q9QWL7,1
Q9Z2K1; Q6IFX2; P08730; Q61414; P19001; Q61781; Q9QWL7,1
Q9Z2K1; Q6IFX2; Q61781,1
Q9Z2M6,1
Q9Z2P8,1
Q9Z2S7,1
Q9Z2W8,1
Q9Z2W8; P23819,1
Q9Z2W8; Q9Z2W9; P23819,1
Q9Z2Y3,1
Q9Z321,1
Q9Z331,1
W8DXL4,1
A1L314,2
A2A8L5; Q64487,2
A2AAY5,2
A2AJI0; O88735,2
A2AJL3,2
A2ALW5,2
A2APV2,2
A2BDX3,2
A2RSJ4,2
A2RSX7,2
A2RSY1,2
A3KGB4,2
A6H584; Q8C6K9,2
A6H5Y3,2
B0F2B4,2
B1AVY7,2
B2RRE7,2
B8JK39,2
D3Z6Q9,2
E9PYL2,2
E9PZM4,2
E9Q1P8; Q8K3X4,2
E9Q394,2
E9Q4N7,2
E9Q5F9,2
E9Q634,2
O08638; Q6URW6,2
O08648,2
O08688,2
O08692,2
O08739,2
O08911,2
O08912,2
O08992,2
O08997,2
O09044; P60879,2
O09106; P70288,2
O09110,2
O09110; P70236,2
O09126,2
O09164,2
O35114,2
O35127,2
O35130,2
O35239,2
O35409,2
O35609,2
O35668,2
O35682,2
O35892,2
O35927; Q68FH0,2
O35963,2
O54829,2
O54940,2
O54941; P46460,2
O54949,2
O54965,2
O55131; P28661,2
O55137,2
O55236,2
O55242,2
O70200,2
O70230,2
O70258,2
O70274; Q63739,2
O70422,2
O70456,2
O70585,2
O70585; Q9D2N4,2
O88413,2
O88428,2
O88447; O88448,2
O88520,2
O88587,2
O88597,2
O88662,2
O88665,2
O88737; Q9QYX7,2
O88796,2
O88845,2
O88874,2
O88910,2
O88952; Q8JZS0,2
O88958,2
O88974,2
O88998,2
O89020,2
P01644; P01648,2
P01800,2
P01843,2
P03930,2
P03975,2
P04104,2
P06328,2
P07091,2
P07361; Q60590,2
P07759; Q03734; Q91WP6,2
P08071,2
P08101,2
P08730; P02535,2
P09542; P05977,2
P09813,2
P0C027,2
P0C027; Q8R2U6,2
P0C0A3,2
P0C7L0,2
P0C8B4,2
P0DOV1,2
P10833; P62071,2
P11344,2
P11499; P08113,2
P11679; Q6IFZ6; Q922U2,2
P11680,2
P12025,2
P12265,2
P12660,2
P12804,2
P12849; Q9DBC7,2
P14483,2
P15306,2
P15331; P11679; P31001; P20152,2
P15379,2
P15532,2
P15920,2
P16125; P06151,2
P16254,2
P16283,2
P16675,2
P17047,2
P17182; P21550; P17183,2
P17439,2
P18653; P18654,2
P19123,2
P19137,2
P19258,2
P19426,2
P20029; Q61696; P63017; P17156,2
P20065; Q6ZWY8,2
P21845,2
P21995,2
P22599; Q00898; Q00897,2
P22907,2
P23249,2
P23607,2
P23818; P23819,2
P23819,2
P24457,2
P24638,2
P25785,2
P26350,2
P27005,2
P27090,2
P27600; P30677; P27601; O70443; P21278; P21279,2
P27664; Q91ZQ1; P23440,2
P27870,2
P28028,2
P28652,2
P28862,2
P28867,2
P29037,2
P29387; P62880,2
P30115,2
P31001; P20152,2
P32037,2
P33173; Q60575,2
P33215,2
P33622,2
P34914,2
P35276,2
P35288,2
P35700; O08807,2
P35762,2
P35822,2
P37889,2
P37913,2
P39039,2
P39053; P39054,2
P39087,2
P41778,2
P43023,2
P43024,2
P43274; P43276; P43277,2
P46097,2
P46656,2
P47811,2
P47857; P12382; Q9WUA3,2
P47867,2
P47880,2
P47964,2
P48302,2
P49138,2
P49919,2
P50096; P24547,2
P50114,2
P50136,2
P50396; Q61598,2
P50427,2
P50429,2
P50446; Q6IME9; Q922U2,2
P50446; Q8BGZ7; Q9Z331,2
P51910,2
P52482,2
P52483,2
P52633,2
P52795,2
P52800,2
P53810; P53811,2
P54103,2
P54728; P54726,2
P55002,2
P55284,2
P56212,2
P56212; P60840,2
P56379,2
P56392,2
P56528,2
P56873,2
P57724,2
P57759,2
P57780; Q9JI91,2
P58064,2
P58158,2
P58710,2
P58774; Q6IRU2,2
P58802,2
P59279,2
P59326,2
P59708,2
P59913,2
P60603,2
P60755,2
P60762,2
P60764; Q05144; P63001,2
P60898,2
P61294; P35279,2
P61600,2
P61750,2
P61804,2
P61924,2
P61957,2
P61971,2
P61982; Q9CQV8,2
P62077,2
P62141,2
P62274,2
P62315,2
P62484; Q8CBW3,2
P62500,2
P62748,2
P62855,2
P63001,2
P63024; P63044,2
P63034,2
P63040,2
P63044,2
P63248,2
P63325; Q9QXS1,2
P63328; P48453,2
P68369; P68368,2
P68433; P84228,2
P68510; P68254; O70456; P61982; Q9CQV8; P63101; P62259,2
P70180,2
P70227,2
P70255,2
P70274,2
P70302,2
P70303,2
P70303; P70698,2
P70335; P70336,2
P70365,2
P70402,2
P70677,2
P70704; P98200,2
P82349,2
P83877,2
P84075; P62748,2
P84102,2
P84228,2
P84750,2
P97299,2
P97363,2
P97412,2
P97493,2
P97496,2
P97760,2
P97765,2
P97772,2
P97792,2
P97820; P83510; Q9JM52,2
P97863,2
P98078,2
P98086,2
P98191,2
Q00262,2
Q00780,2
Q00897,2
Q02257; Q02248,2
Q02956,2
Q03137,2
Q03141,2
Q04207,2
Q04692,2
Q04736,2
Q04736; P05480,2
Q04887,2
Q05144; P63001,2
Q05512,2
Q05722,2
Q05860,2
Q07813,2
Q08024,2
Q08091,2
Q08509,2
Q08857,2
Q0GNC1,2
Q0VGY8,2
Q149L6,2
Q14BB9,2
Q2NL51,2
Q2TL60,2
Q30D77,2
Q3TC93,2
Q3TCJ1,2
Q3TGF2,2
Q3THW5,2
Q3TIR1,2
Q3TIU4,2
Q3TKY6,2
Q3TLH4; Q7TSC1,2
Q3TLI0,2
Q3TRR0,2
Q3TTY5; P50446; Q8BGZ7; P07744; Q3UV17; Q9Z331; Q922U2; P19246,2
Q3TUU5,2
Q3TVI4,2
Q3TWF6,2
Q3TYD6,2
Q3TYS2,2
Q3TYX3,2
Q3TZM9,2
Q3U0K8,2
Q3U0V1; Q91WJ8,2
Q3U1T3,2
Q3U3R4,2
Q3U487,2
Q3UA37,2
Q3UCV8,2
Q3UDW8,2
Q3UE31,2
Q3UFF7,2
Q3UFS4,2
Q3UGP8,2
Q3UH66,2
Q3UHE1,2
Q3UHI4,2
Q3UHK1,2
Q3UJD6,2
Q3UJP5,2
Q3UMB5,2
Q3UMB9,2
Q3UMC0,2
Q3UMY5,2
Q3UNA4,2
Q3UNZ8,2
Q3UPF5,2
Q3UQA7,2
Q3UR70,2
Q3US17,2
Q3USH5,2
Q3UTY6,2
Q3UV70,2
Q3UVK0,2
Q3UXZ9,2
Q3UY34,2
Q3UZV7,2
Q3V009,2
Q3V0C5,2
Q3V1T4,2
Q3V1V3,2
Q4KUS2,2
Q4LDD4,2
Q4QQM4,2
Q4VBD2,2
Q505B7,2
Q50H33,2
Q5DU09,2
Q5F2E7,2
Q5H8C4,2
Q5HZI9,2
Q5M8N0,2
Q5NCC3,2
Q5NCF2,2
Q5PR73,2
Q5PR73; Q91Z61,2
Q5PRF0,2
Q5RJF7,2
Q5SSH7,2
Q5SUE8,2
Q5SVL6,2
Q5SW45,2
Q5SX39; Q91Z83; P13542,2
Q5SX40; P13541; Q5SX39,2
Q5SX40; Q5SX39; Q91Z83,2
Q5SYH2,2
Q5U3K5,2
Q5U4D9,2
Q5U5M8,2
Q5XG73,2
Q60590,2
Q60632,2
Q60648,2
Q60805,2
Q60936,2
Q61026,2
Q61069,2
Q61070,2
Q61097,2
Q61133,2
Q61140,2
Q61142,2
Q61160,2
Q61176,2
Q61183,2
Q61233; Q99K51,2
Q61239,2
Q61245,2
Q61362,2
Q61391,2
Q61458,2
Q61539,2
Q61559,2
Q61730,2
Q61768; P28738,2
Q61792; Q9DC07,2
Q61818,2
Q61823,2
Q61838; Q6GQT1,2
Q61885,2
Q61908,2
Q61990; P60335,2
Q62018,2
Q62028,2
Q62036,2
Q62059,2
Q62073,2
Q62095,2
Q62095; Q501J6; Q62167; Q61656,2
Q62148,2
Q62178,2
Q62191,2
Q62193,2
Q62219,2
Q62241,2
Q62283,2
Q62311,2
Q62384,2
Q62426,2
Q62441,2
Q63829,2
Q63850,2
Q63961,2
Q640L3,2
Q641P0,2
Q64310,2
Q64314,2
Q64337,2
Q64338,2
Q64462,2
Q64518,2
Q64522,2
Q64522; Q6GSS7,2
Q64524; Q9D2U9,2
Q64525,2
Q64525; Q8CGP1; P10854,2
Q64674,2
Q66GT5,2
Q689Z5,2
Q68ED2,2
Q68EF0,2
Q68FE6,2
Q68FM6,2
Q69Z98,2
Q69ZF3,2
Q69ZP3,2
Q69ZS7,2
Q69ZW3,2
Q6A009,2
Q6A058,2
Q6DFV3,2
Q6DID3,2
Q6GQS1,2
Q6GU68,2
Q6IFX2; Q61781; Q9QWL7,2
Q6IFZ6,2
Q6IQX8,2
Q6IR34,2
Q6NSR8,2
Q6NT99,2
Q6P1J0,2
Q6P5F7,2
Q6P8M1,2
Q6P8X1; Q9D8U8,2
Q6PB70,2
Q6PD26,2
Q6PGH2,2
Q6PHQ8,2
Q6PHZ5,2
Q6PHZ8,2
Q6PIC6; Q6PIE5,2
Q6PIX5,2
Q6Q477; G5E829,2
Q6RI63,2
Q6TXD4,2
Q6UGQ3,2
Q6VNB8,2
Q6W8Q3,2
Q6WKZ8,2
Q6X893,2
Q6XUX1,2
Q6ZPF4,2
Q6ZPR5,2
Q6ZQ29,2
Q6ZQM8,2
Q6ZWQ0; Q6ZWR6,2
Q6ZWY3; Q6ZWU9,2
Q71RI9,2
Q78IS1,2
Q78J03,2
Q7M747,2
Q7TMC8,2
Q7TME0,2
Q7TMM9,2
Q7TMM9; Q9D6F9; P99024; P68372; Q9CWF2,2
Q7TMM9; Q9D6F9; Q9ERD7; P99024; P68372; Q9CWF2,2
Q7TMM9; Q9ERD7; P99024; Q9CWF2,2
Q7TMS5,2
Q7TN29,2
Q7TNC6,2
Q7TPD0,2
Q7TPH6,2
Q7TPM6,2
Q7TQE6,2
Q7TSE6; Q91VJ4,2
Q7TSH3,2
Q7TSH6,2
Q7TSQ8,2
Q7TSY6,2
Q7TSY8,2
Q7TT45,2
Q80SU7,2
Q80SZ7,2
Q80TE4,2
Q80TL1,2
Q80TQ2,2
Q80TS3,2
Q80TV8; Q8BRT1,2
Q80U35,2
Q80U38,2
Q80U95,2
Q80UG2,2
Q80UP8,2
Q80V26,2
Q80VC9,2
Q80VJ2,2
Q80VR3,2
Q80W00,2
Q80W37,2
Q80WW9,2
Q80X73,2
Q80XE1,2
Q80XI3; Q6NZJ6,2
Q80XI4,2
Q80XK6,2
Q80Y14,2
Q80Y55,2
Q80Y98,2
Q80YA7,2
Q80YV2,2
Q80ZK9,2
Q811D0; Q62108,2
Q811S7,2
Q8BFR6,2
Q8BFS6,2
Q8BFT9,2
Q8BFZ3; P60710,2
Q8BFZ9; Q91X78,2
Q8BG02; Q6P1F6,2
Q8BG94,2
Q8BG95,2
Q8BGA9,2
Q8BGC1,2
Q8BGF9,2
Q8BGQ1,2
Q8BGS2,2
Q8BGT6,2
Q8BGU5,2
Q8BGY7,2
Q8BH48,2
Q8BH60,2
Q8BHC4,2
Q8BHF7,2
Q8BHJ9,2
Q8BHS8,2
Q8BHW2,2
Q8BIF9,2
Q8BIW1,2
Q8BJ90,2
Q8BJF9,2
Q8BJH1,2
Q8BJI1,2
Q8BJW6,2
Q8BK08,2
Q8BK72,2
Q8BKI2,2
Q8BKU8,2
Q8BL48,2
Q8BLH7,2
Q8BLV3,2
Q8BM72,2
Q8BMD6,2
Q8BMI0,2
Q8BMS4,2
Q8BNY6,2
Q8BP48,2
Q8BP78,2
Q8BPB0,2
Q8BPG6,2
Q8BPM2,2
Q8BPM6,2
Q8BR76,2
Q8BR92,2
Q8BRV5,2
Q8BT51,2
Q8BTF8,2
Q8BTG3,2
Q8BTR5,2
Q8BTU1,2
Q8BU25,2
Q8BUE4,2
Q8BUL6,2
Q8BUN5,2
Q8BVF2,2
Q8BWS5,2
Q8BWU8,2
Q8BWW4,2
Q8BXC6,2
Q8BXK8; Q8VHH5,2
Q8BXK9,2
Q8BXQ2,2
Q8BXQ3,2
Q8BXR9,2
Q8BYB9,2
Q8BYL4,2
Q8BZF8,2
Q8BZJ7,2
Q8BZM1,2
Q8BZQ2,2
Q8BZX4,2
Q8C079,2
Q8C0L8,2
Q8C0L9,2
Q8C181,2
Q8C3J5,2
Q8C460,2
Q8C4J7,2
Q8C5L7,2
Q8C650,2
Q8C6B9,2
Q8C6G8,2
Q8C7E9,2
Q8C838,2
Q8C863,2
Q8C8R3; G5E8K5,2
Q8C8Y5,2
Q8CAK3,2
Q8CC27,2
Q8CC35,2
Q8CDM8,2
Q8CEC0,2
Q8CEE7,2
Q8CFK2,2
Q8CG19,2
Q8CG46,2
Q8CGA0,2
Q8CGB6; Q5SSZ5,2
Q8CGF6,2
Q8CGP1,2
Q8CGP5; Q8CGP7,2
Q8CH02,2
Q8CH72,2
Q8CHI8,2
Q8CI04,2
Q8CI11,2
Q8CI95,2
Q8CIB6,2
Q8CIP4,2
Q8CJ61,2
Q8HW98,2
Q8JZR0; P41216,2
Q8JZR6; Q5DTL9,2
Q8JZV7,2
Q8JZW4,2
Q8K039,2
Q8K0B2,2
Q8K0C4,2
Q8K0E1,2
Q8K0S2,2
Q8K0S5,2
Q8K0V4,2
Q8K1A5,2
Q8K1C0,2
Q8K1L5,2
Q8K1Z0,2
Q8K296,2
Q8K2B0,2
Q8K2C6,2
Q8K2C7,2
Q8K2Q0,2
Q8K2Q9,2
Q8K2X3,2
Q8K2Y7,2
Q8K363,2
Q8K382,2
Q8K394,2
Q8K3C3,2
Q8K3E5,2
Q8K3W0,2
Q8K400,2
Q8K409,2
Q8K448,2
Q8K480,2
Q8K4B0; Q924K8,2
Q8K4E0,2
Q8K4K6,2
Q8QZY9,2
Q8R092,2
Q8R0A5,2
Q8R0Y6; Q8K009,2
Q8R121,2
Q8R180,2
Q8R191,2
Q8R1F0,2
Q8R1R3,2
Q8R1S0,2
Q8R1T1,2
Q8R242,2
Q8R2H9,2
Q8R2R9,2
Q8R2S9,2
Q8R2T8,2
Q8R2Y8,2
Q8R2Z3,2
Q8R2Z5,2
Q8R322,2
Q8R332,2
Q8R3H7,2
Q8R3Q2,2
Q8R3R8,2
Q8R404,2
Q8R422,2
Q8R4C2,2
Q8R555,2
Q8R5J9,2
Q8VBV7,2
Q8VBW5,2
Q8VBX0,2
Q8VC42,2
Q8VC52,2
Q8VCL2,2
Q8VD65,2
Q8VDD8,2
Q8VDK1,2
Q8VDM1,2
Q8VDN2; Q6PIE5,2
Q8VDP2,2
Q8VDZ4,2
Q8VE09,2
Q8VE18,2
Q8VE65,2
Q8VE73,2
Q8VE85,2
Q8VE96,2
Q8VE99,2
Q8VEB4,2
Q8VEE0,2
Q8VHL0,2
Q8VHN8,2
Q8VI75,2
Q91UZ5,2
Q91V36,2
Q91V81,2
Q91VS7,2
Q91W29,2
Q91W59,2
Q91W98,2
Q91WD0,2
Q91WG4,2
Q91WG8,2
Q91WI7,2
Q91WK1,2
Q91WK5,2
Q91WL8,2
Q91WM3,2
Q91WV0,2
Q91X78,2
Q91XC8,2
Q91XF0,2
Q91XM9; Q811D0; P70175,2
Q91YD9,2
Q91YE6,2
Q91YE7,2
Q91YJ2,2
Q91YS8,2
Q91YT7; P59326,2
Q91YX5,2
Q91ZR1,2
Q91ZR2,2
Q91ZV7,2
Q91ZV8,2
Q91ZZ3,2
Q91ZZ3; Q9Z0F7,2
Q920A7,2
Q921K8,2
Q921M7; Q8BHZ0,2
Q921N6,2
Q921N8,2
Q921Q3,2
Q921S7,2
Q922G0,2
Q922H4,2
Q922J9,2
Q922L6,2
Q922S4,2
Q923G2,2
Q924M7,2
Q924N4,2
Q924N4; Q9JIS8; Q91V14,2
Q924N4; Q9WVL3; Q9JIS8,2
Q924T2,2
Q925F2,2
Q99J39,2
Q99J83,2
Q99JF5,2
Q99JI6,2
Q99JI6; P62835,2
Q99JT1,2
Q99JT2,2
Q99JW4; Q91XD2,2
Q99JX4,2
Q99K46,2
Q99K70,2
Q99KF1; Q8R1V4,2
Q99KG3; Q91YE7,2
Q99KI3,2
Q99L90,2
Q99LB2,2
Q99LG4,2
Q99LJ6,2
Q99LS3,2
Q99M85,2
Q99MJ9,2
Q99MR0,2
Q99MR1,2
Q99MR9,2
Q99MS7,2
Q99N95,2
Q99NB8; Q8R317; Q9QZM0,2
Q99P30,2
Q99P31,2
Q99P58,2
Q99PD7,2
Q9CPR5,2
Q9CPR7,2
Q9CPT3,2
Q9CPW7,2
Q9CPZ6,2
Q9CQ10,2
Q9CQ22,2
Q9CQ45,2
Q9CQ80,2
Q9CQ86,2
Q9CQE1,2
Q9CQE7,2
Q9CQJ2,2
Q9CQK7,2
Q9CQV1,2
Q9CQV7,2
Q9CQY2,2
Q9CR09,2
Q9CR21,2
Q9CR70,2
Q9CR86,2
Q9CRA9,2
Q9CRB2,2
Q9CRC8,2
Q9CRD2,2
Q9CRT8,2
Q9CSV6,2
Q9CWP6,2
Q9CWS4,2
Q9CWU9,2
Q9CWW7,2
Q9CWX9,2
Q9CXA2,2
Q9CXF4,2
Q9CXI0,2
Q9CXJ4,2
Q9CXV9,2
Q9CY73,2
Q9CYD3,2
Q9CYW4,2
Q9CYX7,2
Q9CZL5,2
Q9CZS1,2
Q9CZX0,2
Q9CZX7,2
Q9CZX9,2
Q9D023,2
Q9D032,2
Q9D071,2
Q9D0A3,2
Q9D0G0,2
Q9D0J8,2
Q9D0L7,2
Q9D0M1; Q8R574,2
Q9D142,2
Q9D198,2
Q9D1H6,2
Q9D1L0,2
Q9D1P0,2
Q9D1Q4,2
Q9D2V8,2
Q9D328,2
Q9D3D9,2
Q9D3X9,2
Q9D4H2,2
Q9D4P0,2
Q9D6F9; P68372,2
Q9D6F9; P99024; P68372,2
Q9D6F9; Q9ERD7; P68372; Q922F4,2
Q9D6K5,2
Q9D6T0,2
Q9D753,2
Q9D7I5,2
Q9D7M1,2
Q9D7M8,2
Q9D7N3,2
Q9D7P6,2
Q9D7X8,2
Q9D820,2
Q9D824,2
Q9D8B4,2
Q9D8S4,2
Q9D8T2,2
Q9D920,2
Q9D924,2
Q9D937,2
Q9D967,2
Q9DAM7,2
Q9DB00,2
Q9DBL7,2
Q9DC11,2
Q9DC51; P50149; P20612; P08752; B2RSH2,2
Q9DCD6,2
Q9DCJ9,2
Q9DCK4,2
Q9DCM0,2
Q9DCP2,2
Q9DCR2,2
Q9DCS2,2
Q9DCT5,2
Q9DCZ4,2
Q9EP64,2
Q9EPB5,2
Q9EQ28,2
Q9EQP2; Q9QXY6,2
Q9ERE7,2
Q9ERI5,2
Q9ERR7,2
Q9ES52,2
Q9ES89,2
Q9ESD7,2
Q9ESD7; Q69ZN7,2
Q9ESG4,2
Q9ESN9,2
Q9ESP1,2
Q9ET30,2
Q9ET47,2
Q9JHH6,2
Q9JHH9,2
Q9JHP7,2
Q9JHS3,2
Q9JHS9,2
Q9JHU9,2
Q9JI10,2
Q9JI33,2
Q9JI39,2
Q9JI59,2
Q9JI91; Q7TPR4,2
Q9JIG8,2
Q9JIM1,2
Q9JIW9; P63321,2
Q9JIX0,2
Q9JIZ9,2
Q9JJ00,2
Q9JJ80,2
Q9JJA2,2
Q9JJA4,2
Q9JJG0,2
Q9JJI8,2
Q9JJX6,2
Q9JK38,2
Q9JK42,2
Q9JK92,2
Q9JKB3; P62960,2
Q9JKK0,2
Q9JKN1,2
Q9JKW0,2
Q9JKX6,2
Q9JL26,2
Q9JLH8,2
Q9JLV6,2
Q9JM62,2
Q9JMD3,2
Q9QUH0,2
Q9QWK4,2
Q9QX60,2
Q9QXE0,2
Q9QXE7,2
Q9QXJ1,2
Q9QY06,2
Q9QY36,2
Q9QY93,2
Q9QYC0; Q9QYB8,2
Q9QYI4,2
Q9QYI5,2
Q9QYS9,2
Q9QYY0,2
Q9QZ23,2
Q9QZ28,2
Q9QZ73,2
Q9QZC2,2
Q9QZC7,2
Q9QZD4,2
Q9QZI9,2
Q9QZM2,2
Q9QZN4,2
Q9QZS0,2
Q9QZS3,2
Q9R087,2
Q9R0N7,2
Q9R0P5; P45591; P18760,2
Q9R111,2
Q9R112,2
Q9R118,2
Q9R1P1,2
Q9WTK3,2
Q9WTL4,2
Q9WTP9,2
Q9WTR5,2
Q9WTS6,2
Q9WU00,2
Q9WU01,2
Q9WUA6; P31750; Q60823,2
Q9WUB0,2
Q9WUB3; Q8CI94,2
Q9WV92; O70318,2
Q9WV92; O70318; Q9Z2H5,2
Q9WV92; P48193,2
Q9WV98,2
Q9WVA4; Q9R1Q8,2
Q9WVG6,2
Q9WVL3,2
Q9WVM3,2
Q9Z0F8,2
Q9Z0H4; P28659,2
Q9Z0M5,2
Q9Z0N2,2
Q9Z0P5,2
Q9Z0R6; Q9Z0R4,2
Q9Z0R9,2
Q9Z108,2
Q9Z148,2
Q9Z160,2
Q9Z172; P61957,2
Q9Z1B3,2
Q9Z1J3,2
Q9Z1Y4,2
Q9Z210,2
Q9Z266,2
Q9Z2A9,2
Q9Z2B9,2
Q9Z2C5,2
Q9Z2E1,2
Q9Z2H1,2
Q9Z2H2,2
Q9Z2H2; O54829,2
Q9Z2K1; Q61414; P02535; Q61781,2
Q9Z2K1; Q61781,2
Q9Z2Q6; P28661,2
Q9Z2V5,2
Q9Z2V6,2
Q9Z2W9,2
A2A6A1,3
A2A791,3
A2A8Z1,3
A2AAE1,3
A2ADY9,3
A2AG50,3
A2AIV2,3
A2ALU4,3
A2ARV4,3
A2RTL5,3
A6H6E2,3
A8Y5H7,3
B1AVZ0,3
B1AWL2,3
B1AXP6,3
B1AY13,3
B1AZA5,3
B1AZP2,3
B2RSH2,3
B2RUJ5,3
B2RUR8,3
B2RXR6,3
B9EJ86,3
B9EKI3,3
D3YZV8,3
D3Z4S3,3
E9Q1P8,3
E9Q401; E9PZQ0,3
E9Q6J5,3
E9Q735,3
E9Q784,3
E9Q7E2,3
E9Q7X7,3
O08553; P97427; Q62188,3
O08579,3
O08807,3
O08914,3
O08989,3
O08999,3
O09159,3
O09172,3
O35083,3
O35218,3
O35308,3
O35316,3
O35343,3
O35473,3
O35566,3
O35594,3
O35598,3
O35604,3
O35621,3
O35638; Q9D3E6,3
O35646,3
O35658,3
O35730,3
O35927,3
O54751,3
O54782,3
O54786,3
O54890,3
O54901,3
O55026,3
O55033,3
O55047,3
O55057,3
O55060,3
O55106,3
O70209,3
O70274,3
O70370,3
O70400,3
O70404,3
O70496,3
O88207,3
O88343,3
O88507,3
O88508,3
O88531,3
O88569; P49312,3
O88696,3
O88712,3
O88811,3
O88967,3
O88983,3
O88986,3
O88990; Q9JI91; Q7TPR4,3
O89104,3
P01633,3
P01635,3
P01637,3
P01644,3
P01660,3
P01831,3
P01897; P01899,3
P01899,3
P01901; P04223,3
P02762,3
P02798,3
P02802,3
P04345,3
P04925,3
P06330,3
P06537,3
P06797,3
P06800,3
P07742,3
P07759; Q03734,3
P08030,3
P08414,3
P09925,3
P11798,3
P11798; P28652; Q923T9; Q6PHZ2,3
P12246,3
P12849,3
P13597,3
P13808,3
P15331; P20152,3
P15655,3
P18052,3
P19973,3
P21836,3
P21844,3
P22599,3
P22723,3
P23242,3
P23591,3
P26043; P26041,3
P27573,3
P28063,3
P28184,3
P28651,3
P28667,3
P29533,3
P29595,3
P30412,3
P31324; P12367,3
P31649,3
P31725,3
P31938; Q63932,3
P32233,3
P32883,3
P33434,3
P34884,3
P35278; Q9CQD1; P61021,3
P35279,3
P35283,3
P35505,3
P35846,3
P35980,3
P39054; Q8BZ98,3
P41241,3
P43081,3
P45878,3
P46664,3
P47753; P47754,3
P47809,3
P47934,3
P47941,3
P47955,3
P48771,3
P49182,3
P49222,3
P49586; Q811Q9,3
P49962,3
P50543,3
P50586,3
P51667,3
P51791,3
P52196,3
P52293,3
P52430,3
P52927,3
P54116,3
P54763,3
P55258,3
P55937,3
P56382,3
P56394,3
P56671,3
P56716,3
P58137,3
P58404,3
P58774; P21107; P58771,3
P58774; P21107; Q6IRU2; P58771,3
P59017,3
P59222,3
P59242,3
P59672,3
P60202,3
P60521,3
P61021,3
P61087,3
P61226,3
P61294,3
P61965,3
P62137,3
P62309,3
P62331,3
P62482,3
P62484,3
P62823,3
P62835,3
P62858,3
P62880,3
P62897,3
P62965,3
P63015,3
P63030,3
P63168,3
P63276,3
P63321,3
P70206,3
P70227; P11881,3
P70232,3
P70268,3
P70280,3
P70290,3
P70295,3
P70318,3
P70333,3
P70388,3
P70399,3
P70451,3
P70452,3
P70460,3
P70663,3
P70671,3
P70698,3
P83887,3
P84244,3
P97328,3
P97386,3
P97490,3
P97789,3
P97813,3
P97821,3
P97823,3
P99024,3
Q00420,3
Q00422,3
Q00724,3
Q00899; Q3TTC2,3
Q01063,3
Q01147,3
Q01730,3
Q02013,3
Q03740,3
Q06138,3
Q06185,3
Q09XV5,3
Q0KL02,3
Q149F1,3
Q14AX6,3
Q14BI2,3
Q2PFD7,3
Q2TBE6,3
Q2VLH6,3
Q3MI48,3
Q3TAS6,3
Q3TC33,3
Q3TCN2,3
Q3TES0; Q8R0S2,3
Q3TJD7,3
Q3TL44,3
Q3TLS3,3
Q3TVA9,3
Q3U0L2,3
Q3UDK1,3
Q3UHU5,3
Q3UIA2,3
Q3UMR5,3
Q3UN02,3
Q3UVG3,3
Q3V3Q7,3
Q4PZA2,3
Q570Y9,3
Q571E4,3
Q571I9,3
Q5EBG6,3
Q5KU39,3
Q5SFM8,3
Q5SQX6,3
Q5SV85,3
Q5SVQ0,3
Q5SWT3,3
Q5SX40; P13541; Q5SX39; Q91Z83,3
Q5SXY1,3
Q5U4C3,3
Q5XJV6,3
Q60649,3
Q60739,3
Q60803,3
Q60823,3
Q60870,3
Q60900,3
Q60963,3
Q60973,3
Q61090,3
Q61210,3
Q61214,3
Q61216,3
Q61508,3
Q61696; P17156,3
Q61696; P63017; P17156,3
Q62082,3
Q62086,3
Q62159,3
Q62167,3
Q62230,3
Q62313,3
Q62393,3
Q62422,3
Q62470,3
Q62511,3
Q63932,3
Q64008,3
Q640N2,3
Q64282,3
Q64345,3
Q64518; O55143,3
Q64525; Q64524; Q8CGP1; P10854; Q9D2U9,3
Q64726,3
Q64735,3
Q64739,3
Q69ZA1,3
Q69ZQ2,3
Q6A078,3
Q6GSS7,3
Q6IFX2; Q61781,3
Q6IFX2; Q9QWL7,3
Q6NXI6,3
Q6NXN1,3
Q6NZL0; Q3UHU5,3
Q6NZQ6,3
Q6P1E1,3
Q6P4S8,3
Q6P5B0,3
Q6P5H6,3
Q6P8J2,3
Q6P9J9,3
Q6PD03,3
Q6PDK2,3
Q6PEE2,3
Q6PFR5,3
Q6PGB6,3
Q6PGF3,3
Q6PH08,3
Q6Q783,3
Q6RHR9,3
Q6VH22,3
Q6Y5D8,3
Q6Y685,3
Q6ZPQ6,3
Q6ZQ18,3
Q6ZQA6,3
Q6ZWM4,3
Q76LS9,3
Q78JE5,3
Q78JW9,3
Q78PG9,3
Q7TMM9; Q9CWF2,3
Q7TMQ7,3
Q7TN99,3
Q7TNR6,3
Q7TNV1,3
Q7TPW1,3
Q7TQG1,3
Q80T21,3
Q80TI0,3
Q80TM9,3
Q80TR8,3
Q80U93,3
Q80US4,3
Q80UW2,3
Q80V42,3
Q80V70,3
Q80VL1,3
Q80VQ1,3
Q80W68,3
Q80X71,3
Q80XL6,3
Q80Y56,3
Q80YA3,3
Q80YA8,3
Q80YC5,3
Q80ZM7,3
Q80ZS3,3
Q8BFQ4,3
Q8BFY9; Q99LG2,3
Q8BG02,3
Q8BG73,3
Q8BG81,3
Q8BGC4,3
Q8BGN8,3
Q8BGR9,3
Q8BGT7,3
Q8BGV0,3
Q8BGV8,3
Q8BGX2,3
Q8BGZ4,3
Q8BH15,3
Q8BH50,3
Q8BH59; Q9QXX4,3
Q8BH69,3
Q8BH86,3
Q8BHA3,3
Q8BHJ5,3
Q8BIG7,3
Q8BIQ5; Q8C7E9,3
Q8BIS8,3
Q8BKS9,3
Q8BL74,3
Q8BLY2,3
Q8BM85,3
Q8BMI3,3
Q8BP27,3
Q8BP71,3
Q8BR63,3
Q8BRH0,3
Q8BRK9,3
Q8BSE0,3
Q8BTM8; Q8VHX6,3
Q8BU88,3
Q8BV13,3
Q8BVG8,3
Q8BVL3,3
Q8BVU5,3
Q8BWR2,3
Q8BWT5,3
Q8BXA1,3
Q8BXN9,3
Q8BXV2,3
Q8BYU6,3
Q8BZR9,3
Q8C0D7,3
Q8C0G2,3
Q8C0I1,3
Q8C0J2,3
Q8C0L0,3
Q8C0Z1,3
Q8C1M2,3
Q8C1Y8,3
Q8C419,3
Q8C5L3,3
Q8C5W3,3
Q8C6I2,3
Q8C8N2,3
Q8C8T7,3
Q8CAY6,3
Q8CBC4,3
Q8CCS6,3
Q8CE50,3
Q8CEC6,3
Q8CFI0,3
Q8CFS6,3
Q8CFW7,3
Q8CG72,3
Q8CHU3,3
Q8CHX7,3
Q8CI03,3
Q8CI33,3
Q8CI71,3
Q8CIM8,3
Q8CIN4; Q61036,3
Q8CIX8,3
Q8CJF7,3
Q8CJG1,3
Q8CJG1; Q8CJF9; Q8CJG0,3
Q8CJH3,3
Q8JZN3,3
Q8JZQ2; Q920A7,3
Q8JZR6,3
Q8JZS0,3
Q8JZV9,3
Q8JZX3,3
Q8K003,3
Q8K099,3
Q8K0G5,3
Q8K0H5,3
Q8K0L9,3
Q8K0S0,3
Q8K1J5,3
Q8K1X4,3
Q8K224,3
Q8K297,3
Q8K2I4,3
Q8K2Q7,3
Q8K2Z2,3
Q8K3A0,3
Q8K3A9,3
Q8K3Z9,3
Q8K4I3,3
Q8K4M5,3
Q8K4P0,3
Q8K4R4,3
Q8R054,3
Q8R0G9,3
Q8R0H9,3
Q8R0J7,3
Q8R138,3
Q8R143,3
Q8R1F6,3
Q8R1H0,3
Q8R1N4,3
Q8R1T4,3
Q8R1V4,3
Q8R238,3
Q8R2M2,3
Q8R2Y0,3
Q8R317,3
Q8R3B7,3
Q8R3E3,3
Q8R3G9,3
Q8R3I3,3
Q8R3N6,3
Q8R4R6,3
Q8R4Y4,3
Q8R5F3,3
Q8R5H1,3
Q8VBT9,3
Q8VBV8,3
Q8VBY2,3
Q8VCF0,3
Q8VD62,3
Q8VD72,3
Q8VDG3,3
Q8VDI9,3
Q8VDL4,3
Q8VDP6,3
Q8VDS8,3
Q8VE33,3
Q8VE37,3
Q8VE97; Q3TWW8,3
Q8VED9,3
Q8VEH3,3
Q8VEH8,3
Q8VEJ9,3
Q8VHK9,3
Q8VHL1,3
Q8VI63,3
Q91V09,3
Q91V64,3
Q91VA6,3
Q91VH2,3
Q91VH6,3
Q91VJ2,3
Q91VN6,3
Q91VR8,3
Q91W53,3
Q91WA3,3
Q91WB4,3
Q91WE4,3
Q91WF7,3
Q91WK0,3
Q91XA2,3
Q91XI1,3
Q91XM9; Q811D0,3
Q91YP0,3
Q91YP2,3
Q91YR9,3
Q91Z31,3
Q91ZE0,3
Q91ZM2,3
Q91ZS8,3
Q91ZZ3; O55042,3
Q921I9,3
Q921J2,3
Q921L3,3
Q921L5,3
Q921U8,3
Q921X9,3
Q922H2,3
Q922R1,3
Q923D4,3
Q923T9,3
Q924A2,3
Q924H7,3
Q925B0,3
Q99J23,3
Q99J47,3
Q99JP6,3
Q99JT9,3
Q99JY8,3
Q99KD5,3
Q99KN2,3
Q99L43,3
Q99LC2,3
Q99LJ0,3
Q99LT0,3
Q99M28,3
Q99N87,3
Q99N89,3
Q99PP7,3
Q9BCZ4,3
Q9CPT4,3
Q9CPW4,3
Q9CQ02,3
Q9CQ56,3
Q9CQA1,3
Q9CQC7,3
Q9CQC8,3
Q9CQJ6,3
Q9CQQ8,3
Q9CQR4,3
Q9CQS4,3
Q9CQS8,3
Q9CQT1,3
Q9CQV6,3
Q9CQW9,3
Q9CQX8,3
Q9CQY6,3
Q9CQZ1,3
Q9CQZ6,3
Q9CR51,3
Q9CR59,3
Q9CRC9,3
Q9CRY7,3
Q9CU65,3
Q9CW46,3
Q9CWE0,3
Q9CWG8,3
Q9CX00,3
Q9CXL3,3
Q9CXT7,3
Q9CXT8,3
Q9CXW4,3
Q9CXX9,3
Q9CY34,3
Q9CYK1,3
Q9CZP5,3
Q9CZR2,3
Q9CZR8,3
Q9CZV8,3
Q9CZY3,3
Q9D020,3
Q9D0D5,3
Q9D0M0,3
Q9D0M1,3
Q9D0S9,3
Q9D115,3
Q9D1G1,3
Q9D1G3,3
Q9D1M4,3
Q9D1Q1,3
Q9D289,3
Q9D2H6,3
Q9D2M8,3
Q9D404,3
Q9D4H1,3
Q9D6L8,3
Q9D6U8,3
Q9D773,3
Q9D787,3
Q9D7A8,3
Q9D7B7,3
Q9D7S9,3
Q9D7V9,3
Q9D7X3,3
Q9D880,3
Q9D898,3
Q9D8L5,3
Q9D902,3
Q9D906,3
Q9D9Z5,3
Q9DAS9,3
Q9DAZ9,3
Q9DB15,3
Q9DB16,3
Q9DB27,3
Q9DB98,3
Q9DBR3,3
Q9DBX2,3
Q9DBY1,3
Q9DBY8,3
Q9DBZ5,3
Q9DC16,3
Q9DC51,3
Q9DC63,3
Q9DCC8,3
Q9DCD2,3
Q9DCE5,3
Q9DCJ1,3
Q9DCT6,3
Q9DCZ1,3
Q9EP75,3
Q9EPB4,3
Q9EPQ8,3
Q9EPW0,3
Q9EQC5,3
Q9EQG9,3
Q9EQS3,3
Q9EQZ7,3
Q9ER58,3
Q9ER88,3
Q9ERT9,3
Q9ES46,3
Q9ES97,3
Q9ESE1; Q9EPN1,3
Q9EST5; O35381,3
Q9ESU6,3
Q9ESV0,3
Q9JHE7,3
Q9JHI7,3
Q9JHK5,3
Q9JHW4,3
Q9JI08,3
Q9JI46,3
Q9JII5,3
Q9JIK9,3
Q9JIW9,3
Q9JIY5,3
Q9JJC6,3
Q9JJR8,3
Q9JJY3,3
Q9JJZ4,3
Q9JKF6,3
Q9JKK1,3
Q9JKP5,3
Q9JLM8,3
Q9JM14,3
Q9JM51,3
Q9JM63,3
Q9JM96,3
Q9JMC3,3
Q9JMD0,3
Q9QUJ7,3
Q9QWY8,3
Q9QXC1,3
Q9QXG2,3
Q9QXX4,3
Q9QXY6; Q9WVK4,3
Q9QYE9,3
Q9QYH6,3
Q9QYR9,3
Q9QZ08,3
Q9QZH3,3
Q9QZH6,3
Q9QZJ6,3
Q9R013,3
Q9R045,3
Q9R062,3
Q9R0P6,3
Q9R0Q4,3
Q9R1T4; Q8C1B7,3
Q9R1T4; Q8CHH9; Q8C1B7,3
Q9R1V6,3
Q9R226; Q60749,3
Q9R269,3
Q9WTJ4,3
Q9WU28,3
Q9WUQ2,3
Q9WV18,3
Q9WV60,3
Q9WV69,3
Q9WVH4,3
Q9WVL0,3
Q9Z0H3,3
Q9Z0R6,3
Q9Z0V1,3
Q9Z100,3
Q9Z1E4,3
Q9Z1P7,3
Q9Z1W9,3
Q9Z2B3,3
Q9Z2D1,3
Q9Z2N8,3
A2AHC3,4
A2AQ25,4
A2ASZ8,4
A2BH40,4
A6H630,4
B1AR13,4
B2RXC1,4
B9EJ80,4
F8VPU2,4
O08601,4
O08638; Q61879,4
O08638; Q8VDD5; Q6URW6; Q61879,4
O08756,4
O08915,4
O08919,4
O09114,4
O09161,4
O09174,4
O35206,4
O35245,4
O35326,4
O35343; O35344,4
O35345,4
O35435,4
O35459,4
O35599,4
O35874,4
O35900,4
O35988,4
O54781,4
O54946,4
O54950,4
O54984,4
O55042,4
O55135,4
O70172,4
O70299,4
O70433,4
O70491,4
O70492,4
O70493,4
O70503,4
O88441,4
O88455,4
O88485,4
O88630,4
O88851,4
O88990; P57780; Q9JI91; Q7TPR4,4
O89017,4
O89051,4
O89116,4
P00329,4
P00405,4
P01887,4
P03987,4
P04342,4
P04344,4
P04627,4
P05063; P05064,4
P05132; P68181,4
P05480,4
P07758,4
P07759,4
P08074,4
P08207,4
P08905,4
P09803,4
P10287,4
P11835,4
P12382; Q9WUA3,4
P12815,4
P13634,4
P15327,4
P15864; P43277,4
P18608,4
P18654,4
P19001,4
P20065,4
P21126,4
P21812,4
P21958,4
P24452,4
P26262,4
P26450,4
P26516,4
P26645,4
P26883,4
P27661,4
P28659,4
P29416,4
P31938,4
P34152,4
P35282,4
P35290,4
P35803,4
P39876,4
P40237,4
P40936,4
P43277,4
P46938,4
P48024,4
P48455,4
P49070,4
P49615,4
P49935,4
P50149; P20612,4
P50153,4
P51175,4
P52332,4
P53564,4
P54726,4
P54731,4
P55200,4
P56388,4
P56395,4
P56546; O88712,4
P56812,4
P57716,4
P57787,4
P58929,4
P59016,4
P59481,4
P60840,4
P61089,4
P61164,4
P61458,4
P61620,4
P61963,4
P62075,4
P62245,4
P62313,4
P62320,4
P62737,4
P62746,4
P62821; Q9D1G1,4
P62830,4
P62843,4
P62849,4
P62960,4
P63017; P17156,4
P63087; P62137; P62141,4
P63166,4
P63216,4
P63323,4
P68037,4
P68254; Q9CQV8; P63101,4
P68369; P68373,4
P70188,4
P70353,4
P82343,4
P84084,4
P97290,4
P97314,4
P97376,4
P97443,4
P97798,4
P97817,4
P97855,4
P97930,4
P98200,4
P99026,4
P99028,4
Q00898,4
Q01768,4
Q02780,4
Q02789,4
Q07797,4
Q14C51,4
Q1RNF8,4
Q2KN98,4
Q2NL51; Q9WV60,4
Q31125,4
Q32M02,4
Q3TCH7; A2A432,4
Q3TDK6,4
Q3TFD2,4
Q3THK3,4
Q3TJZ6,4
Q3TKT4; Q6DIC0,4
Q3TRM4,4
Q3TRM8,4
Q3TWI9,4
Q3U2P1,4
Q3U4G3,4
Q3UFY7,4
Q3UMT1,4
Q3UPH1,4
Q3UQ84,4
Q3UQN2,4
Q3USB7,4
Q3UVL4,4
Q4PJX1,4
Q4VBE8,4
Q58A65; Q9ESN9,4
Q5DTT2,4
Q5DW34,4
Q5QNQ6,4
Q5RJ54,4
Q5SDA5,4
Q5SNZ0,4
Q5SW19,4
Q60696,4
Q60749,4
Q60772,4
Q60866,4
Q60875,4
Q60928,4
Q60953,4
Q60960,4
Q60972,4
Q60973; Q60972,4
Q60989,4
Q60996,4
Q61016,4
Q61107,4
Q61112,4
Q61151,4
Q61249,4
Q61411,4
Q61466,4
Q61554; Q61555,4
Q61578,4
Q61686,4
Q61735,4
Q61749,4
Q61781,4
Q61990,4
Q62172,4
Q62407,4
Q64092,4
Q64324,4
Q64332,4
Q64525; Q64524; Q8CGP1; P10854; P70696; Q9D2U9,4
Q68EF6,4
Q69ZK9,4
Q69ZX6,4
Q6A026; Q4VA53,4
Q6A0D4,4
Q6AW69,4
Q6IFX2,4
Q6NVE8,4
Q6NXJ0,4
Q6P4S6,4
Q6P9R2,4
Q6P9R4,4
Q6P9S0,4
Q6PA06,4
Q6PAJ1,4
Q6PAQ4,4
Q6PB93,4
Q6PCP5,4
Q6PD19,4
Q6PDH0,4
Q6PDI5,4
Q6PGC1,4
Q6PGH1,4
Q6PHU5,4
Q6Q899,4
Q6QD59,4
Q6ZPU9,4
Q6ZPZ3,4
Q6ZQK5,4
Q6ZWV7,4
Q791V5,4
Q7SIG6,4
Q7TMI3,4
Q7TMM9; P99024; P68372; Q9CWF2,4
Q7TMY4,4
Q7TPS5,4
Q7TQ95,4
Q7TSE6,4
Q7TSI3,4
Q80SY6,4
Q80T69,4
Q80TL4,4
Q80TL7,4
Q80U78,4
Q80U87,4
Q80W04,4
Q80W21,4
Q80WR5,4
Q80X32,4
Q80X90; Q8BTM8; Q8VHX6,4
Q80X95,4
Q80Y81,4
Q80YD1,4
Q80Z24,4
Q811G0,4
Q8BFR4,4
Q8BFV2,4
Q8BFY9,4
Q8BGA5,4
Q8BGB7,4
Q8BH24,4
Q8BH35,4
Q8BH55,4
Q8BH58,4
Q8BHG1,4
Q8BHG2,4
Q8BHG9,4
Q8BHJ5; Q9QXE7,4
Q8BHL5,4
Q8BHL5; Q8BPU7,4
Q8BIQ5,4
Q8BK63,4
Q8BKE6,4
Q8BLF1,4
Q8BLY1,4
Q8BMQ2,4
Q8BNW9,4
Q8BQZ4,4
Q8BR90,4
Q8BRN9,4
Q8BTS4,4
Q8BTV1,4
Q8BTY1,4
Q8BU14,4
Q8BVG4,4
Q8BW96,4
Q8BWB1,4
Q8BWQ6,4
Q8BWU5,4
Q8BX09,4
Q8BYC6,4
Q8BYM8,4
Q8BZH4,4
Q8C080,4
Q8C0D5,4
Q8C163,4
Q8C181; Q9JKP5,4
Q8C1D8,4
Q8C1Z7,4
Q8C3X2,4
Q8C437,4
Q8C547,4
Q8C5L6,4
Q8C5N3,4
Q8C5Q4,4
Q8C7M3,4
Q8C850,4
Q8CB77,4
Q8CBW3,4
Q8CBY8,4
Q8CCN5,4
Q8CCP0,4
Q8CE96,4
Q8CEI1,4
Q8CFE4,4
Q8CGU1,4
Q8CHK3,4
Q8CHP5,4
Q8CJF9,4
Q8JZK9,4
Q8K0Z7,4
Q8K157,4
Q8K182,4
Q8K1A6,4
Q8K1B8,4
Q8K1R7,4
Q8K2H2,4
Q8K2T8,4
Q8K370,4
Q8K449,4
Q8K482,4
Q8N7N5,4
Q8QZT2,4
Q8R035,4
Q8R086,4
Q8R0P4,4
Q8R105,4
Q8R123,4
Q8R127,4
Q8R1I1,4
Q8R1N0,4
Q8R1U1,4
Q8R2Q8,4
Q8R344,4
Q8R349,4
Q8R361,4
Q8R3G1,4
Q8R3L2,4
Q8R480,4
Q8R4H2,4
Q8R550,4
Q8VC03,4
Q8VCD6,4
Q8VCH7,4
Q8VCI5,4
Q8VCN9,4
Q8VCX5,4
Q8VDQ8,4
Q8VE80,4
Q8VHE0,4
Q8VHP6,4
Q91VF2,4
Q91VT4,4
Q91VU0,4
Q91W40,4
Q91W89,4
Q91WE2,4
Q91WT4,4
Q91X97; P84075; P62748,4
Q91XD6,4
Q91XL9,4
Q91YE8,4
Q91YK2,4
Q91YL3,4
Q91YM2,4
Q91Z38,4
Q920Q4,4
Q921W0,4
Q922E4,4
Q922H9,4
Q922Q9,4
Q922V4,4
Q923B1,4
Q99J08,4
Q99JX3,4
Q99K23,4
Q99KR3,4
Q99L20,4
Q99LB7,4
Q99LH1,4
Q99LI2,4
Q99LM2,4
Q99M71,4
Q99MD9,4
Q99MK8,4
Q99MU3,4
Q99PG2,4
Q9CPS6,4
Q9CPW0,4
Q9CPX6,4
Q9CQ48,4
Q9CQ49,4
Q9CQ69,4
Q9CQ91,4
Q9CQB5,4
Q9CQH7,4
Q9CQM9,4
Q9CQW1,4
Q9CQW2; Q8VEH3,4
Q9CQY5,4
Q9CR29,4
Q9CRB8,4
Q9CW79,4
Q9CWK3,4
Q9CWM4,4
Q9CWV6,4
Q9CWW6,4
Q9CWZ3,4
Q9CYG7,4
Q9CYH6,4
Q9CYR0,4
Q9CZ04,4
Q9CZE3,4
Q9D0B6,4
Q9D0M5,4
Q9D0R8,4
Q9D1G5,4
Q9D1K2,4
Q9D1X0,4
Q9D273,4
Q9D2L5,4
Q9D2M8; Q9CZY3,4
Q9D3E6,4
Q9D4J7,4
Q9D5T0,4
Q9D662,4
Q9D6F9,4
Q9D6N5,4
Q9D710,4
Q9D7G0,4
Q9D823,4
Q9D883,4
Q9D8S3,4
Q9D8S9,4
Q9D8T7,4
Q9D8W7,4
Q9DB05; P28663,4
Q9DC51; P08752; B2RSH2,4
Q9DCB8,4
Q9DCF9,4
Q9DCS3,4
Q9EP53,4
Q9EP89,4
Q9EPQ2,4
Q9EQJ9,4
Q9ER00,4
Q9ER35,4
Q9ER69,4
Q9ERA6,4
Q9ERB0,4
Q9ERI2,4
Q9ERS2,4
Q9ES74,4
Q9ESC8,4
Q9ESK9,4
Q9EST5,4
Q9ET26,4
Q9JHS4,4
Q9JI19,4
Q9JI75,4
Q9JI78,4
Q9JI90,4
Q9JIF0,4
Q9JIQ3,4
Q9JIS8,4
Q9JJH1,4
Q9JJT9,4
Q9JKB1,4
Q9JKN6,4
Q9JL62,4
Q9JLQ0,4
Q9JLT4,4
Q9JMF3,4
Q9JMG7,4
Q9QUN9,4
Q9QUR7,4
Q9QWL7,4
Q9QXA5,4
Q9QXM1,4
Q9QXV0,4
Q9QXZ7,4
Q9QY42,4
Q9QYA2,4
Q9QYF9,4
Q9QZ06,4
Q9QZ88,4
Q9QZD8,4
Q9QZM0,4
Q9R0M3,4
Q9R0M4,4
Q9R0P4,4
Q9R1Q9,4
Q9R1T4,4
Q9WTL8,4
Q9WTT4,4
Q9WTU6,4
Q9WTX2,4
Q9WU40,4
Q9WUN2,4
Q9WUT3; P18653; P18654,4
Q9WUZ9,4
Q9WV02,4
Q9WVA2,4
Q9WVJ3,4
Q9WVK4,4
Q9WVL2,4
Q9WVQ1,4
Q9WVT6,4
Q9Z0L0,4
Q9Z0N1,4
Q9Z127,4
Q9Z1B5,4
Q9Z2M7,4
Q9Z2X2,4
Q9Z2Z6,4
A2A432,5
A2A863,5
A2AJI0,5
A2AP18,5
B1AVH7,5
D3YXG0,5
E9Q555,5
E9Q5K9,5
E9Q6P5,5
E9QAT4,5
G3X9K3,5
G5E829; Q9R0K7,5
O08553; Q62188,5
O08583,5
O08842,5
O09044,5
O09106,5
O09167,5
O35215,5
O35526,5
O35737,5
O35945; P24549,5
O54962,5
O54990,5
O55013,5
O55022,5
O55091,5
O55098,5
O55125,5
O55137; Q9QYR9,5
O70305,5
O70310,5
O70378,5
O70481,5
O70572,5
O88291,5
O88307,5
O88327,5
O88384,5
O88448,5
O88456,5
O88522,5
O88738,5
O88741,5
O88848,5
O88992,5
P01869,5
P01901,5
P04117,5
P04370,5
P04919,5
P05622,5
P06683,5
P07744,5
P07758; P22599; Q00898; Q00897,5
P08730,5
P10518,5
P10639,5
P10833,5
P11438,5
P11688,5
P12023,5
P13541; P13542,5
P14733; P21619,5
P15409,5
P15864,5
P16054,5
P17809,5
P17918,5
P19253,5
P20108,5
P21460,5
P22315,5
P23506,5
P24549,5
P28571,5
P28574,5
P28656,5
P29268,5
P31324,5
P31648,5
P31786,5
P33173; Q60575; O35071,5
P35802,5
P35922,5
P39053; P39054; Q8BZ98,5
P42128,5
P43274; P15864; P43277,5
P45377,5
P47758,5
P47802,5
P47915,5
P49710,5
P52623,5
P53395,5
P53811,5
P54728,5
P55288,5
P55772,5
P56213,5
P56380,5
P56546,5
P56565,5
P57784,5
P58044,5
P58242,5
P60122,5
P60335,5
P60487,5
P60670,5
P60710; P62737; P68134,5
P60824,5
P61022,5
P61027,5
P61164; Q8R5C5,5
P61358,5
P62267,5
P62761,5
P62774,5
P62852,5
P62874; P62880,5
P62996,5
P63054,5
P63073,5
P63328,5
P67871,5
P68181,5
P68368,5
P68404; P20444,5
P70175,5
P70236,5
P70288,5
P70297,5
P70335,5
P70349,5
P70697,5
P70704,5
P82347,5
P83870,5
P83882,5
P83940,5
P84086,5
P84089,5
P84244; P68433; P84228,5
P97355,5
P97379,5
P97496; Q6PDG5,5
P98197,5
P99029,5
Q01721,5
Q01768; P15532,5
Q03173,5
Q03958,5
Q06180,5
Q08093,5
Q11136,5
Q148R9,5
Q32NY4,5
Q3TDQ1,5
Q3THG9,5
Q3TIX9,5
Q3TPE9,5
Q3TSG4,5
Q3TWW8,5
Q3U0M1,5
Q3U9G9,5
Q3UDE2,5
Q3UE37,5
Q3UGR5,5
Q3UHD6,5
Q3UIU2,5
Q3UJU9,5
Q3UYC0,5
Q3V1L4,5
Q5DTM8; Q3U319,5
Q5SSM3,5
Q5SSZ5,5
Q5SUQ9,5
Q5SX40; P13541; P13542,5
Q60575,5
Q60770,5
Q60790,5
Q61017,5
Q61036,5
Q61206,5
Q61247,5
Q61334,5
Q61398,5
Q61510,5
Q61581,5
Q61768; P28738; P33175,5
Q61990; P60335; P57722,5
Q62077,5
Q62093,5
Q62189,5
Q62203,5
Q62420; Q62419,5
Q62425,5
Q62523,5
Q63918,5
Q63943,5
Q64487,5
Q65Z40,5
Q69ZC8,5
Q6DVA0,5
Q6GV12,5
Q6KAR6,5
Q6NVD9,5
Q6P2K6,5
Q6P5D4,5
Q6PAR5,5
Q6PDI6,5
Q6PE01,5
Q6PEB6,5
Q6PER3,5
Q6PGL7,5
Q6PGN3,5
Q6PIP5,5
Q6ZPY7,5
Q6ZQ58,5
Q6ZQ73; Q6ZQ38,5
Q6ZQ82,5
Q6ZQH8,5
Q7JJ13,5
Q7TMB8,5
Q7TMM9; Q9D6F9; Q9ERD7; P99024; P68372; Q9CWF2; Q922F4,5
Q7TSH2,5
Q80SY5,5
Q80TH2,5
Q80U49,5
Q80U56,5
Q80W22,5
Q80WS3,5
Q80Y17,5
Q80ZJ7,5
Q810J8,5
Q8BGW1,5
Q8BH04,5
Q8BHC1,5
Q8BJU0,5
Q8BJZ4,5
Q8BKT7,5
Q8BMF3,5
Q8BMG7,5
Q8BMP6,5
Q8BNU0,5
Q8BTW3,5
Q8BTX9,5
Q8BTY2,5
Q8BTY8,5
Q8BUH8,5
Q8BVW0,5
Q8BWG8,5
Q8BWW9,5
Q8BWY3,5
Q8BX10,5
Q8BYW9,5
Q8BZW8,5
Q8C129,5
Q8C2E7,5
Q8C570,5
Q8C6E0,5
Q8C754,5
Q8C7R4,5
Q8C8U0,5
Q8CC21,5
Q8CCB4,5
Q8CCJ9,5
Q8CDG3,5
Q8CFE2,5
Q8CFX1,5
Q8CGY8,5
Q8CH09,5
Q8CHY6,5
Q8CI32,5
Q8JZU2,5
Q8JZX4,5
Q8K1N1,5
Q8K1X1,5
Q8K2A1,5
Q8K2L8,5
Q8K3I4,5
Q8K442,5
Q8K4B0,5
Q8QZV7,5
Q8R001,5
Q8R050,5
Q8R059,5
Q8R0F8,5
Q8R1G2,5
Q8R1G6,5
Q8R2Y2,5
Q8R3Y8,5
Q8R4N0,5
Q8R4U7,5
Q8R5C5,5
Q8VC30,5
Q8VCR7,5
Q8VD12,5
Q8VD63,5
Q8VDD9,5
Q8VDW0,5
Q8VE47,5
Q8VE70,5
Q8VE92,5
Q8VEK0,5
Q8VHC5,5
Q8VHR5,5
Q8VI64,5
Q91VJ4,5
Q91VK1,5
Q91VL8,5
Q91VM5,5
Q91VZ6,5
Q91X20,5
Q91YM4,5
Q920Q6,5
Q921H9,5
Q922B1,5
Q922J3; Q9Z0H8,5
Q922Q4,5
Q925H0,5
Q925N0,5
Q99JP7,5
Q99JW4,5
Q99JY3,5
Q99K28,5
Q99KF1,5
Q99KK9,5
Q99KL7,5
Q99KP3,5
Q99KR7,5
Q99L27,5
Q99LB6,5
Q99LI7,5
Q99LR1,5
Q99LU0; Q9CQD4,5
Q99M87,5
Q99N50,5
Q99NH0,5
Q99PU8,5
Q9CPR4,5
Q9CQ62,5
Q9CQ65,5
Q9CQ75,5
Q9CQC6,5
Q9CQD1,5
Q9CQF9,5
Q9CQH3,5
Q9CQI3,5
Q9CQI7,5
Q9CQJ8,5
Q9CQR6,5
Q9CQU0,5
Q9CQV8,5
Q9CQX2,5
Q9CQZ5,5
Q9CR00,5
Q9CR95,5
Q9CS42; Q9D7G0,5
Q9CXR1,5
Q9CXZ1,5
Q9CY57,5
Q9CYA0,5
Q9CYI4,5
Q9CYN9,5
Q9CYT6,5
Q9CZ52,5
Q9CZJ2,5
Q9CZQ9,5
Q9D0B0,5
Q9D0T1,5
Q9D0W5,5
Q9D1E8,5
Q9D1J1,5
Q9D1Q6,5
Q9D1R9,5
Q9D287,5
Q9D2N9,5
Q9D3H2,5
Q9D3P8,5
Q9D6Y9,5
Q9D706,5
Q9D735,5
Q9D8X1,5
Q9D8X2,5
Q9D9V3,5
Q9DAR7,5
Q9DB60,5
Q9DB73,5
Q9DBC0,5
Q9DBD0,5
Q9DBH5,5
Q9DBN4,5
Q9DBR0,5
Q9DBS1,5
Q9DC23,5
Q9DC50,5
Q9DCH4,5
Q9DCJ5,5
Q9DCM2,5
Q9DCS9,5
Q9DCT8,5
Q9EPE9,5
Q9EQZ6,5
Q9ERD7,5
Q9ES28,5
Q9ET22,5
Q9ET78,5
Q9JI60,5
Q9JJV1,5
Q9JK48,5
Q9JKB3,5
Q9JKD3,5
Q9JKK7,5
Q9JL56,5
Q9JM52,5
Q9QUI0; Q62159,5
Q9QXB9,5
Q9QXK7,5
Q9QXZ0; Q91ZU6,5
Q9QYB1,5
Q9QYF1,5
Q9QZ85,5
Q9QZB7,5
Q9QZD9,5
Q9QZF2,5
Q9QZZ6,5
Q9R020,5
Q9R099,5
Q9R0N0,5
Q9R0X4,5
Q9R1P3,5
Q9R1R2,5
Q9R226,5
Q9R233,5
Q9WTN0,5
Q9WTU0,5
Q9WUC3,5
Q9WUP7,5
Q9WUR2,5
Q9WV03,5
Q9WV85,5
Q9WVJ2,5
Q9WVQ5,5
Q9Z0J0,5
Q9Z1K6,5
Q9Z2D0,5
A2A5R2; G3X9K3,6
A2ALS5,6
A2AMT1,6
A2ARP1,6
A2AT37,6
A2AWA9,6
B9EKR1,6
D3YZP9,6
O08582,6
O08638; Q8VDD5,6
O09131,6
O35144,6
O35226,6
O35250,6
O35367,6
O35638,6
O54734,6
O54879,6
O54916,6
O55226,6
O55229,6
O70161,6
O70172; Q80XI4,6
O70194,6
O70251,6
O70439,6
O88200,6
O88704,6
O88746,6
P02463,6
P02535,6
P04344; Q61597,6
P05132,6
P06684,6
P07309,6
P09041; P09411,6
P11404,6
P13439,6
P14069,6
P14115,6
P14869,6
P15116,6
P15208,6
P16014,6
P16015,6
P16110,6
P21278,6
P21447,6
P23953,6
P24788,6
P28741,6
P29391,6
P29788,6
P31428,6
P31750,6
P34022,6
P35278,6
P36371,6
P36916,6
P38060,6
P39749,6
P40336,6
P42225,6
P43274,6
P43275,6
P46061,6
P46412,6
P47226,6
P48428,6
P48453,6
P49442,6
P49586,6
P49722,6
P51410,6
P51491,6
P52479,6
P52503,6
P52760,6
P53994,6
P53994; P59279,6
P53996,6
P56375,6
P56376,6
P57722,6
P57776,6
P57780; Q7TPR4,6
P59325,6
P59999,6
P60766,6
P60867,6
P61255,6
P62071,6
P62082,6
P62264,6
P62270,6
P62743,6
P62821,6
P62889,6
P62900,6
P63011,6
P63085,6
P63213,6
P63280,6
P67778,6
P68134,6
P70195,6
P70271,6
P70362,6
P70414,6
P70429,6
P84104,6
P97352,6
P97450,6
Q06335,6
Q07235,6
Q07456,6
Q08943,6
Q0P678,6
Q0VGB7,6
Q14CH7,6
Q1HFZ0,6
Q3T9E4,6
Q3THE2,6
Q3TJ91,6
Q3TKT4,6
Q3TPX4,6
Q3TQI7,6
Q3TXX4,6
Q3TZZ7,6
Q3UKC1,6
Q3UYV9,6
Q3V3R1,6
Q45VK7,6
Q505F5,6
Q56A08,6
Q59J78,6
Q5DTL9,6
Q5IRJ6,6
Q5SVR0,6
Q5SX40; Q5SX39; Q91Z83; P13542,6
Q5U430,6
Q5U458,6
Q60692,6
Q60766,6
Q61033,6
Q61136,6
Q61205,6
Q61490,6
Q61781; Q9QWL7,6
Q62048,6
Q62087,6
Q62261; P15508,6
Q62277,6
Q62445,6
Q63810,6
Q64010,6
Q64213,6
Q64518; Q8R429,6
Q68FL4,6
Q6NVF0,6
Q6NZB0,6
Q6NZF1,6
Q6NZL0,6
Q6P5G6,6
Q6PAM1,6
Q6PDL0,6
Q6PDQ2; A2A8L1,6
Q6PGF7,6
Q6PHN9,6
Q6WVG3,6
Q6ZPE2,6
Q71M36,6
Q7TMB8; Q5SQX6,6
Q80TL0,6
Q80TN5,6
Q80TZ3,6
Q80UJ7,6
Q80WQ2,6
Q80XH2,6
Q80XN0,6
Q80ZW2,6
Q8BGS1,6
Q8BH43,6
Q8BH79,6
Q8BJ05,6
Q8BK30,6
Q8BKZ9,6
Q8BL65,6
Q8BL97,6
Q8BPM0,6
Q8BPU7,6
Q8BW75,6
Q8BX80,6
Q8BXZ1,6
Q8BY87,6
Q8BYA0,6
Q8C166,6
Q8C1B1,6
Q8C3P7,6
Q8C4Y3,6
Q8C729,6
Q8C7X2,6
Q8CCF0,6
Q8CCJ4,6
Q8CCT4; Q8R0A5,6
Q8CDN6,6
Q8CGB3,6
Q8CHH9,6
Q8CIG8,6
Q8JZM7,6
Q8JZN7,6
Q8K0C9,6
Q8K268,6
Q8K2F0,6
Q8K327,6
Q8K354,6
Q8K3X4,6
Q8K440,6
Q8K4Z3,6
Q8R010,6
Q8R2U0,6
Q8R307,6
Q8R3Q0,6
Q8R3S6,6
Q8R3V5,6
Q8R574,6
Q8VBZ3,6
Q8VCA8,6
Q8VCH8,6
Q8VD37,6
Q8VHI5,6
Q8VI36,6
Q91V61,6
Q91VE0,6
Q91VJ5,6
Q91VW3,6
Q91W34,6
Q91WM1,6
Q91WM1; Q9Z1X4,6
Q91WP6,6
Q91YH5,6
Q921M7,6
Q921W4,6
Q922Q8,6
Q922Y1,6
Q923D2,6
Q99KY4,6
Q99L13,6
Q99M51,6
Q9CPP6,6
Q9CPT5,6
Q9CQ54,6
Q9CQF3,6
Q9CQL1,6
Q9CQR2,6
Q9CQU5,6
Q9CR61,6
Q9CRA5,6
Q9CWX2,6
Q9CX56,6
Q9CXG3,6
Q9CXI5,6
Q9CXY6,6
Q9CYH2,6
Q9CYI4; Q7TNC4,6
Q9CZH7,6
Q9CZT5,6
Q9D0M3,6
Q9D1J3,6
Q9D1P4,6
Q9D5V6,6
Q9D666,6
Q9D6J6,6
Q9D832,6
Q9D892,6
Q9D8B3,6
Q9D8Y0,6
Q9D903,6
Q9DBJ1; O70250,6
Q9DBP5,6
Q9DBV4,6
Q9DC33,6
Q9DC61,6
Q9DCC4,6
Q9DCL8,6
Q9DCN2,6
Q9EPC1,6
Q9EPJ9,6
Q9EPL2,6
Q9EQ06,6
Q9EQH2,6
Q9EQP6,6
Q9EQU5,6
Q9ERF3,6
Q9ERI6,6
Q9ERU3,6
Q9ES00,6
Q9ESB3,6
Q9ESN6,6
Q9ESW4,6
Q9ET80,6
Q9JHJ0,6
Q9JIG7,6
Q9JJ28,6
Q9JJK2,6
Q9JJL8,6
Q9JJV0,6
Q9JKS5,6
Q9JKV1,6
Q9JLV1,6
Q9QUI0,6
Q9QWH1,6
Q9QWI6,6
Q9QWV9,6
Q9QXG4,6
Q9QXY6,6
Q9R059,6
Q9R0P3,6
Q9R0Q3,6
Q9R1Q8,6
Q9WU42,6
Q9WUB4,6
Q9WUM5,6
Q9WV32,6
Q9WVH9,6
Q9WVJ9,6
Q9Z0J1,6
Q9Z0J4,6
Q9Z1L4,6
Q9Z1Q2,6
Q9Z1Z2,6
Q9Z2A5,6
Q9Z2L7,6
Q9Z2U1,6
A2AQ19,7
A2AR02,7
A2AUC9,7
C0HKD9,7
D3YXK2; Q80YR5,7
E9Q5C9,7
G3X9J0,7
O35143,7
O35295,7
O35350,7
O35379,7
O35593,7
O35633,7
O35643,7
O35864,7
O55142,7
O70252,7
O88545,7
O88952,7
O89079,7
O89112,7
P01872,7
P01942,7
P07214,7
P08730; Q61414,7
P08752,7
P09671,7
P0DP27; Q9D6P8,7
P10922,7
P11352,7
P13707,7
P14131,7
P14602,7
P15626,7
P16332,7
P19221,7
P23475,7
P24288,7
P24472,7
P24668,7
P26369,7
P27048,7
P29699,7
P32020,7
P32958,7
P39054,7
P41105,7
P42227,7
P42232,7
P42567,7
P42859,7
P43006,7
P45591,7
P46097; P46096,7
P47740,7
P47753,7
P47856,7
P48320,7
P48962; P51881,7
P49813,7
P51432,7
P51855,7
P53026,7
P53986,7
P56391,7
P56564,7
P58021,7
P59900,7
P60843; P10630,7
P60904,7
P61082,7
P61205,7
P61222,7
P61290,7
P62073,7
P62301,7
P62827,7
P62869,7
P63028,7
P68404,7
P83741,7
P97370,7
P97461,7
P97494,7
Q00899,7
Q02257,7
Q03517,7
Q03740; P04342,7
Q05CL8,7
Q07113,7
Q3U0S6,7
Q3U186,7
Q3UHC7,7
Q3UHX2,7
Q3ULD5,7
Q3ULW8,7
Q3URE1,7
Q3UU96,7
Q3UUG6,7
Q3UZ39,7
Q3V3N7,7
Q501J6; Q61656,7
Q52KI8,7
Q5EBJ4,7
Q5EG47,7
Q5FW53,7
Q60714,7
Q60872,7
Q61011,7
Q61029; Q61033,7
Q61166,7
Q61171,7
Q61412,7
Q61474,7
Q61599,7
Q61702,7
Q61738,7
Q61739,7
Q61771,7
Q62165,7
Q62419,7
Q64433,7
Q66JS6,7
Q68FH0,7
Q68FH4,7
Q6NV83,7
Q6NZN0,7
Q6P069,7
Q6P8I4,7
Q6PDY2,7
Q6PE15,7
Q6ZQ88,7
Q70FJ1,7
Q78IK4,7
Q78ZA7,7
Q791T5,7
Q7M6Y3,7
Q7TSC1,7
Q7TSG2,7
Q80UU9,7
Q80UW8,7
Q80VD1,7
Q80VP1,7
Q80X41,7
Q80XR2,7
Q80XU3,7
Q8BFZ3; P60710; P62737; P68134,7
Q8BG67,7
Q8BH66,7
Q8BH97,7
Q8BHL3,7
Q8BI72,7
Q8BK62,7
Q8BMD8,7
Q8BP67,7
Q8BRF7,7
Q8BVY0,7
Q8BWM0,7
Q8BX02,7
Q8C052,7
Q8CCT4,7
Q8CFQ3,7
Q8CG76,7
Q8CGZ0,7
Q8CHP8,7
Q8K212,7
Q8K274,7
Q8K2C9,7
Q8K2K6,7
Q8K2T1,7
Q8R409,7
Q8R570,7
Q8VBT0,7
Q8VBW6,7
Q8VCM8,7
Q8VDP3,7
Q8VE88,7
Q8VE97,7
Q8VEE4,7
Q8VHI3,7
Q8VHI6,7
Q91VS8,7
Q91W90,7
Q91WG2,7
Q91WS0,7
Q91XU0,7
Q91XU3,7
Q91YJ3,7
Q91YN5,7
Q91Z53,7
Q99J77,7
Q99J99,7
Q99JW2,7
Q99KB8,7
Q99KE1,7
Q99KG3,7
Q99KW3,7
Q99KX1,7
Q99L45,7
Q99LE6,7
Q99LY9,7
Q99MN9,7
Q99MR8,7
Q99N28,7
Q99P91,7
Q99PJ0,7
Q9CPQ1,7
Q9CQ60,7
Q9CQ92,7
Q9CQN1,7
Q9CR98,7
Q9CT10,7
Q9CWF6,7
Q9CX80,7
Q9CY27,7
Q9CYN2,7
Q9CZ42,7
Q9CZW4,7
Q9D067,7
Q9D0L8,7
Q9D1C8,7
Q9D1D4,7
Q9D1E6,7
Q9D1M0,7
Q9D2G2,7
Q9D2N4,7
Q9D358,7
Q9D6M3,7
Q9D6Y7,7
Q9D7N9,7
Q9D8B7,7
Q9DAW9,7
Q9DB34,7
Q9DBB8,7
Q9DBG7,7
Q9DBS5,7
Q9DBZ1,7
Q9DC70,7
Q9DCB1,7
Q9DD18,7
Q9EPK7,7
Q9EPR5,7
Q9EPU4,7
Q9EQ61,7
Q9ERG2,7
Q9ET01; Q9WUB3; Q8CI94,7
Q9ET54,7
Q9JHW2,7
Q9JI44,7
Q9JJU8,7
Q9JJV2,7
Q9JK81,7
Q9JLB2,7
Q9JM76,7
Q9QWR8,7
Q9QYG0,7
Q9R0H0,7
Q9R0I7,7
Q9R0L6,7
Q9R0Q7,7
Q9R0U0,7
Q9R1K9,7
Q9R1Z8,7
Q9WTP6,7
Q9WTX8,7
Q9WUR9,7
Q9WVR4,7
Q9Z0E6,7
Q9Z0H4,7
Q9Z0Y1,7
Q9Z103,7
Q9Z140,7
Q9Z1N5; Q8VDW0,7
Q9Z1P6,7
Q9Z1Q5,7
Q9Z2G6,7
Q9Z2I8,7
Q9Z2K1,7
Q9Z2Y8,7
A2AJT4,8
O08663,8
O08808,8
O09061,8
O35074,8
O35381,8
O35382,8
O35486,8
O54833,8
O55103,8
O70228,8
O70309,8
O70475,8
O70591,8
O88271,8
O88492,8
O89086,8
P00493,8
P01837,8
P01864,8
P09528,8
P10630,8
P12367,8
P12787,8
P13542,8
P15089,8
P15499,8
P17141,8
P19157,8
P20060,8
P21279,8
P23198,8
P23492,8
P26231; Q61301,8
P27641,8
P28798,8
P29351,8
P31650,8
P33267,8
P35123,8
P35293,8
P35585,8
P36552,8
P37804,8
P46414,8
P47791,8
P49817,8
P51863,8
P54276,8
P54729,8
P55088,8
P56960,8
P58774; P58771,8
P60229,8
P62281,8
P62874,8
P63094,8
P63154,8
P70279,8
P70372,8
P70699,8
P84096,8
P97384,8
P97742,8
P97797,8
P97822,8
Q00493,8
Q01065,8
Q01339,8
Q0VBL3,8
Q3TCH7,8
Q3TMH2,8
Q3TTY5,8
Q3TVI8,8
Q3U7R1,8
Q3U962,8
Q3UH60,8
Q3UH68,8
Q3UHB8,8
Q3UHL1,8
Q3ULJ0,8
Q3URS9,8
Q5SDA5; P52785,8
Q5SRX1,8
Q5SSL4,8
Q60715,8
Q60931,8
Q60952,8
Q61029,8
Q61234,8
Q61464,8
Q61545,8
Q61550,8
Q61597,8
Q61687,8
Q61704,8
Q62383,8
Q63844,8
Q640N1,8
Q64471,8
Q64518; O55143; Q8R429,8
Q64704,8
Q68FF6,8
Q6A065,8
Q6DFW4,8
Q6P5H2,8
Q6PHZ2,8
Q6Q477; G5E829; Q9R0K7,8
Q6ZPJ3,8
Q6ZWN5,8
Q7TMF3,8
Q7TNE3,8
Q7TNG5,8
Q7TQD2,8
Q7TQK5,8
Q80SW1,8
Q80UM7,8
Q80WJ7,8
Q80YV4,8
Q8BFU3,8
Q8BG32,8
Q8BGF6,8
Q8BH57,8
Q8BHD8,8
Q8BHS3,8
Q8BIJ7,8
Q8BK64,8
Q8BLX7,8
Q8BMF4,8
Q8BT60,8
Q8BUV3,8
Q8BVI4,8
Q8BWZ3,8
Q8BY89,8
Q8C0C7,8
Q8C0E2,8
Q8C167,8
Q8C1B7,8
Q8C878,8
Q8CCJ3,8
Q8CFW1,8
Q8CI43,8
Q8CIN4,8
Q8CJ53,8
Q8K124,8
Q8K183,8
Q8K1H1,8
Q8K2F8,8
Q8K3G9,8
Q8K3J1,8
Q8K4L3,8
Q8K4Q0,8
Q8K4Q8,8
Q8R0F6,8
Q8R5M8,8
Q8VC31,8
Q8VDD5; Q61879,8
Q8VEE1,8
Q8WTY4,8
Q91V76,8
Q91VN4,8
Q91W43,8
Q91W86,8
Q91XD7,8
Q91YR1,8
Q920A5,8
Q920E5,8
Q921H8,8
Q922P9,8
Q922Q1,8
Q924C1,8
Q924K1,8
Q924X2,8
Q99JB8,8
Q99JR8,8
Q99JX7,8
Q99KV1,8
Q99L04,8
Q99ME9,8
Q99MQ4,8
Q9CR26,8
Q9CR68,8
Q9CRD0,8
Q9CSH3,8
Q9CSU0,8
Q9CWL8,8
Q9CXS4,8
Q9CZ30,8
Q9CZM2,8
Q9CZN7,8
Q9D172,8
Q9D6J5,8
Q9D8U8,8
Q9DAU1,8
Q9DAW6,8
Q9DBG5,8
Q9DBR1,8
Q9DC69,8
Q9DCT2,8
Q9EPL8,8
Q9EQ80,8
Q9ERL9,8
Q9JHK4,8
Q9JKC6,8
Q9JLI6,8
Q9JLZ3,8
Q9JMG1,8
Q9JMH6,8
Q9QXK3,8
Q9QXT0,8
Q9QXV1,8
Q9QYE6,8
Q9R0P9,8
Q9WTL7,8
Q9WU79,8
Q9WUD1,8
Q9WUL7,8
Q9WUM3,8
Q9WUU7,8
Q9WVA4,8
Q9Z0E0,8
Q9Z0N1; Q9Z0N2,8
Q9Z110,8
Q9Z1R2,8
Q9Z218,8
Q9Z247,8
Q9Z2I0,8
S4R2P9,8
E9Q557,9
G5E870,9
O08547,9
O55126,9
O55143; Q8R429,9
O55222,9
O55240,9
O70250,9
O70423,9
O70443,9
O89053,9
P01867,9
P02525,9
P06728,9
P08122,9
P0C605,9
P14206,9
P16045,9
P16330,9
P17095,9
P17156,9
P19536,9
P19783,9
P22892,9
P23927,9
P24622,9
P27612,9
P28352,9
P28658,9
P33173,9
P35979,9
P39061,9
P43247,9
P43276,9
P46935,9
P47754,9
P47963,9
P48318,9
P49443,9
P50446; Q9Z331,9
P51174,9
P51881,9
P52431,9
P53702,9
P54869,9
P54923,9
P55264,9
P58389,9
P59114,9
P62242,9
P62737; P68134,9
P62915,9
P62918,9
P62962,9
P63037,9
P63325,9
P68369; P68373; P68368,9
P70122,9
P97298,9
P97372,9
P97390,9
P97429,9
P97868,9
P99027,9
Q05816,9
Q05BC3,9
Q06890,9
Q08879,9
Q148V7,9
Q1XH17,9
Q2TPA8,9
Q3TDD9,9
Q3TDN2,9
Q3TW96,9
Q3U319,9
Q3U5Q7,9
Q3UJB9,9
Q58A65,9
Q5FWK3,9
Q5SUF2,9
Q5SX40; P13542,9
Q60605,9
Q60865,9
Q61074,9
Q61102,9
Q62108,9
Q62446,9
Q64105,9
Q64516,9
Q6DIC0,9
Q6IRU2,9
Q6NSW3,9
Q6P1F6,9
Q6ZWV3,9
Q7TQI3,9
Q80TY0,9
Q80U63,9
Q80U72,9
Q80UM3,9
Q80WM3,9
Q80X50,9
Q810B6,9
Q812A2,9
Q8BFW7,9
Q8BGH2,9
Q8BH44,9
Q8BH61,9
Q8BIL5,9
Q8BPB5,9
Q8BTV2,9
Q8BYK4,9
Q8C522,9
Q8CBE3,9
Q8JZN5,9
Q8K2J0,9
Q8K4G1,9
Q8R016,9
Q8R0A0,9
Q8R0X7,9
Q8R146,9
Q8R1X6,9
Q8R326,9
Q8R366,9
Q8R3B1,9
Q8VBX6,9
Q8VCC9,9
Q8VD75,9
Q8VH51,9
Q91VC4,9
Q91WK2,9
Q91WN1,9
Q91ZQ1,9
Q91ZQ5,9
Q921F2,9
Q925I1,9
Q99JB2,9
Q99JR1,9
Q99JR5,9
Q99KC8,9
Q99KP6,9
Q99LP6,9
Q99MI1,9
Q9CQE8,9
Q9CQI6,9
Q9CTY5,9
Q9CWL2,9
Q9CX34,9
Q9CXW3,9
Q9CYZ2,9
Q9CZC8,9
Q9D855,9
Q9DAK9,9
Q9DB20,9
Q9DBE0,9
Q9DBL1,9
Q9DBX3,9
Q9DCT1,9
Q9ESE1,9
Q9JHL1,9
Q9JHQ5,9
Q9JK53,9
Q9JMA1,9
Q9QYJ3,9
Q9WTX6,9
Q9WUK2,9
Q9WV80,9
Q9Z0F7,9
Q9Z0H8,9
Q9Z0S1,9
Q9Z1S5,9
Q9Z1T1,9
Q9Z2H5,9
Q9Z2U0,9
Q9Z2W0,9
Q9Z2X1,9
A2A5R2,10
O08585,10
O08677,10
O08848,10
O35551,10
O35841,10
O35857,10
O54931,10
O54941,10
O54983,10
O55128,10
O55234,10
O70325,10
O88487,10
O88543,10
P04186,10
P0DP27,10
P10126; P62631,10
P10605,10
P14231,10
P18242,10
P21107,10
P21614,10
P21956,10
P24369,10
P24547,10
P27601,10
P29974,10
P31230,10
P34057,10
P36993,10
P46638,10
P46735,10
P46978,10
P48774,10
P50149,10
P50518,10
P51885,10
P55096,10
P57746,10
P60710,10
P60843,10
P61759,10
P61982,10
P62317,10
P62702,10
P62715; P63330,10
P62717,10
P62754,10
P62806,10
P62983,10
P63005,10
P63242,10
P70333; O35737,10
P84099,10
P97315,10
P97371,10
P97927,10
Q03717,10
Q05186,10
Q3B7Z2,10
Q3TES0,10
Q3THS6,10
Q3TIV5,10
Q3UL36,10
Q60631,10
Q61187,10
Q61207,10
Q61301,10
Q61503,10
Q61576,10
Q61584,10
Q61753,10
Q61830,10
Q62348,10
Q62417,10
Q62418,10
Q62420,10
Q64133,10
Q64442,10
Q64449,10
Q64520,10
Q6A068,10
Q6IRU5,10
Q6NZC7,10
Q6P7F1,10
Q6P9K9,10
Q6P9Q6,10
Q6PDS3,10
Q6PFD9,10
Q6ZQI3,10
Q7TNC4,10
Q80TV8,10
Q80VP0,10
Q80X82,10
Q8BG39,10
Q8BH64,10
Q8BH74,10
Q8BJY1,10
Q8BLK3,10
Q8BUR4,10
Q8BWF0,10
Q8C0M9,10
Q8C3F2,10
Q8CGM2,10
Q8CI59,10
Q8K0D5,10
Q8K411,10
Q8QZS1,10
Q8QZY1,10
Q8R050; Q149F3,10
Q8R1F1,10
Q8R1Q3,10
Q8VCW8,10
Q8VE62,10
Q8VEH5,10
Q91VC3,10
Q91WU5,10
Q921M4,10
Q922U1,10
Q99J36,10
Q99JY0,10
Q99KN9,10
Q99KQ4,10
Q99L88,10
Q99PL6,10
Q9CPU0,10
Q9CR62,10
Q9CX86,10
Q9CY64,10
Q9CYR6,10
Q9D2V7,10
Q9D517,10
Q9D7H3,10
Q9DBC7,10
Q9DBE8,10
Q9DCL9,10
Q9DCW4,10
Q9EQQ9,10
Q9ESX5,10
Q9JHI5,10
Q9JIF9,10
Q9JJU9,10
Q9JK37,10
Q9JLJ2,10
Q9QY76,10
Q9QY81,10
Q9QZE5,10
Q9R0Q6,10
Q9R0Y5,10
Q9WTX5,10
Q9WUA2,10
Q9WUD8,10
Q9WV54,10
Q9Z130,10
Q9Z1D1,10
Q9Z1K5,10
O08759,11
O35465,11
O70589,11
O88735,11
P02088,11
P08228,11
P09242,11
P11031,11
P11627,11
P17427; P17426,11
P17742,11
P21107; P58771,11
P26043; P26041; P26040,11
P27664; P23440,11
P28481,11
P28661,11
P32261,11
P40630,11
P41216,11
P45952,11
P47199,11
P48758,11
P50096,11
P50608,11
P54822,11
P56695,11
P56959,11
P60469,11
P61161,11
P62631,11
P62812,11
P63101,11
P68254,11
P70265,11
P70404,11
P70670,11
P81117,11
P83917,11
P97434,11
Q01279,11
Q08288,11
Q3UIL6,11
Q3UMU9,11
Q5DTM8,11
Q60520,11
Q60634,11
Q60751,11
Q60967,11
Q61012,11
Q61081,11
Q61235,11
Q61703,11
Q62351,11
Q62465,11
Q64378,11
Q6KCD5,11
Q6NVF9,11
Q6P1B1,11
Q6P5F9,11
Q6Q477,11
Q6ZWX6,11
Q7TPV4,11
Q7TSV4,11
Q7TT37,11
Q80SW1; Q68FL4,11
Q80YR5,11
Q810U4,11
Q811D0,11
Q8BG51,11
Q8BGT8,11
Q8BJS4,11
Q8BSQ9,11
Q8BSY0,11
Q8BU30,11
Q8BZ98,11
Q8C050,11
Q8C5H8,11
Q8CI51,11
Q8K1J6,11
Q8K2G4,11
Q8K3H0,11
Q8R164,11
Q8VHQ9,11
Q91V12,11
Q91W39,11
Q91Z67,11
Q920B9,11
Q921F4,11
Q923D5,11
Q99JY9,11
Q99P88,11
Q9CR16,11
Q9CWZ7,11
Q9CZX8,11
Q9D024,11
Q9D051,11
Q9D6Z1,11
Q9DB05,11
Q9DBG3,11
Q9DBG6,11
Q9ER72,11
Q9JKS4,11
Q9JL35,11
Q9QXS6,11
Q9QZE7,11
Q9R1C7,11
Q9WUM4,11
Q9WV91,11
Q9WVA3,11
Q9Z0X1,11
Q9Z1M8,11
Q9Z2R6,11
A6X935,12
O08529,12
O08709,12
O08917,12
O35685,12
O55023,12
O70435,12
O88447,12
O88544,12
O89029,12
P06837,12
P10649,12
P12970,12
P13412,12
P13864,12
P14094,12
P14148,12
P17427,12
P25444,12
P28474,12
P28653,12
P35700,12
P42125,12
P42208,12
P46096,12
P47757,12
P48962,12
P50285,12
P51150,12
P52785,12
P54071,12
P54775,12
P54823,12
P58871,12
P61202,12
P62334,12
P62751,12
P62881,12
P68510,12
P97447,12
P98203,12
Q00519,12
Q03350,12
Q04690,12
Q5XG69,12
Q60737,12
Q60854,12
Q60930,12
Q61035,12
Q61414,12
Q61548,12
Q61699,12
Q61792,12
Q61937,12
Q62000,12
Q64012,12
Q64514,12
Q64669,12
Q69ZR2,12
Q6A026,12
Q6GQT1,12
Q6P8X1,12
Q7TT50,12
Q80X80,12
Q8BFZ9,12
Q8BH95,12
Q8BJ71,12
Q8BK67,12
Q8BLQ9,12
Q8BMJ2,12
Q8CAA7,12
Q8CC88,12
Q8CHG3,12
Q8CIB5,12
Q8K021,12
Q8K3K8,12
Q8R0A7,12
Q8R4X3,12
Q8VCT3,12
Q8VD04,12
Q8VHY0,12
Q91VM9,12
Q91W97,12
Q91WD9,12
Q91ZV0,12
Q920I9,12
Q99020,12
Q99K01,12
Q99PT1,12
Q9CRB6,12
Q9CWK8,12
Q9D0K2,12
Q9DBT5,12
Q9DC07,12
Q9EPN1,12
Q9EQK5,12
Q9QUM9,12
Q9QYB5,12
Q9QYJ0,12
Q9QZQ8,12
Q9R0P5,12
Q9R1C6,12
Q9Z0Z4,12
Q9Z1N5,12
B2RQC6,13
D3Z7H8,13
O08795,13
O09165,13
O35643; Q9DBG3,13
O54724,13
P12658,13
P14576,13
P16460,13
P17563,13
P20801,13
P28650,13
P28654,13
P28663,13
P28738,13
P42669,13
P47911,13
P50396,13
P50544,13
P51859,13
P54227,13
P70296,13
P97300,13
Q01405,13
Q3UEB3,13
Q3UW53,13
Q4VAA2,13
Q5SX40; P13541; Q5SX39; A2AQP0; Q91Z83; P13542,13
Q60676,13
Q60902,13
Q61164,13
Q61425,13
Q62095; Q62167,13
Q62433,13
Q69ZU6,13
Q6A028,13
Q6P542,13
Q6PHS9,13
Q6R891,13
Q80TB8,13
Q80UG5,13
Q810A7,13
Q8BIK4,13
Q8BKC5,13
Q8BMA6,13
Q8BVQ5,13
Q8C9B9,13
Q8CFI7,13
Q8CGK3,13
Q8CH18,13
Q8CIZ8,13
Q8JZQ9,13
Q8K4G5,13
Q8R1B5,13
Q91V41,13
Q91XM9,13
Q91YI0,13
Q91YW3,13
Q91ZJ5,13
Q921G7,13
Q921T2,13
Q922D8,13
Q922R8,13
Q99K51,13
Q99K85,13
Q99LC3,13
Q99LC5,13
Q99LD4,13
Q99LD8,13
Q9CPY7,13
Q9CQA3,13
Q9CRB9,13
Q9CWJ9,13
Q9CZU3,13
Q9D4H8,13
Q9D6R2,13
Q9D7B6,13
Q9ESZ8,13
Q9JIS5,13
Q9JJZ2; P68369; P68373; P68368,13
Q9R1P0,13
B1AZI6,14
E9PVA8,14
E9Q3L2,14
O08532,14
O35129,14
O35954,14
O88685,14
P00920,14
P04247,14
P07901; P11499,14
P11103,14
P15331,14
P16125,14
P17183,14
P18572,14
P19246,14
P19324,14
P23440,14
P27659,14
P28740,14
P29812,14
P32848,14
P43406,14
P45376,14
P46471,14
P55302,14
P58771,14
P62192,14
P62196,14
P68040,14
P70336,14
P70441,14
P97427,14
Q07076,14
Q08642,14
Q3THK7,14
Q3UKJ7,14
Q3UM45,14
Q60769,14
Q61655,14
Q62448,14
Q64737,14
Q68FL6,14
Q69Z99,14
Q6A0A9,14
Q6GQT9,14
Q6P5D8,14
Q6P9K8,14
Q6PDM2,14
Q7TNV0,14
Q7TQH0,14
Q8BP47,14
Q8BSS9,14
Q8BVE3,14
Q8BYI9,14
Q8CH25,14
Q8JZQ2,14
Q8K0U4,14
Q8R0S2,14
Q8R1A4,14
Q8VEM8,14
Q91VI7,14
Q91WD5,14
Q91YT0,14
Q91Z83,14
Q91ZA3,14
Q99K41,14
Q99KJ8,14
Q99KK2,14
Q99L47,14
Q9CQQ7,14
Q9D554,14
Q9DCX2,14
Q9EPX2,14
Q9EQF6,14
Q9ERK4,14
Q9JLB0,14
Q9QYB8,14
Q9R190,14
Q9R1P4,14
Q9WTP7,14
Q9WV55,14
Q9WVE8,14
Q9WVJ5,14
Q9Z0R4,14
Q9Z204,14
Q9Z2I9,14
B2RY56,15
O35639,15
P06801,15
P07147,15
P08121,15
P09602,15
P10852,15
P12960,15
P16406,15
P17751,15
P18760,15
P20444,15
P26231,15
P30275,15
P30681,15
P35550,15
P47738,15
P55012,15
P56399,15
P82198,15
P84091,15
P97479,15
Q00915,15
Q08331,15
Q0VBD0,15
Q5SX40; P13541; Q5SX39; P13542,15
Q5XJY5,15
Q60932,15
Q61233,15
Q61646,15
Q61838,15
Q62376,15
Q6PB44,15
Q71LX4; P26039,15
Q8BH59,15
Q8BP92,15
Q8BWT1,15
Q8BX70,15
Q8CCK0,15
Q8CHT0,15
Q8K0T0,15
Q8K284,15
Q8R1Q8,15
Q8VCM7,15
Q8VDM6,15
Q91VR2,15
Q91W50,15
Q922J3,15
Q99MN1,15
Q9CPV4,15
Q9CSN1,15
Q9CWS0,15
Q9CY58,15
Q9CZ44,15
Q9DBC3,15
Q9DBJ1,15
Q9EP71,15
Q9ET01,15
Q9JHR7,15
Q9JIK5,15
Q9QZQ1,15
Q9R069,15
Q9R0G6,15
Q9WTM5,15
Q9Z1Q9,15
Q9Z1X4,15
Q9Z275,15
A2ABU4,16
D3Z7P3,16
O54774,16
O54865,16
O55143,16
P08249,16
P10711,16
P24270,16
P29341,16
P29758,16
P35235,16
P37040,16
P49312,16
P51660,16
P61264,16
P80313,16
P97807,16
Q00623,16
Q5SX39; P13542,16
Q5SYD0,16
Q60668,16
Q62009,16
Q64521,16
Q6ZQ08,16
Q8C1A5,16
Q8CGF7,16
Q8VDN2; Q6PIC6; Q6PIE5,16
Q99JI4,16
Q99LX0,16
Q9CVB6,16
Q9CZ13,16
Q9CZU6,16
Q9D0I9,16
Q9D379,16
Q9D5V5,16
Q9D819,16
Q9D8W5,16
Q9DBF1,16
Q9EP69,16
Q9EQP2,16
Q9JII6,16
Q9R1T2,16
Q9Z2Q6,16
G5E829,17
O08749,17
O35136,17
O35678,17
O35691,17
O35887,17
O54988,17
O88532,17
P05063,17
P05977,17
P08226,17
P08551,17
P08775,17
P10107,17
P10493,17
P11881,17
P14152,17
P14685,17
P18872,17
P26638,17
P30999,17
P32921,17
P51125,17
P52825,17
P80317,17
Q02248,17
Q05D44,17
Q3TEA8,17
Q3TXS7,17
Q3UTJ2,17
Q60598,17
Q61335,17
Q61553,17
Q61598,17
Q61696,17
Q6PDN3,17
Q7TQ48,17
Q8BHB9,17
Q8BIJ6,17
Q8BML9,17
Q8BMS1,17
Q8BRT1,17
Q8BUK6,17
Q8C6K9,17
Q8CJG0,17
Q91YQ5,17
Q91YR7,17
Q921M3,17
Q99LI8,17
Q9D0F3,17
Q9D1A2,17
Q9D394,17
Q9D8E6,17
Q9EQH3,17
Q9JIF7,17
Q9JKR6,17
Q9JKY5,17
Q9JLN9,17
Q9QYI3,17
Q9WV02; Q91VM5,17
Q9Z0P4,17
Q9Z1F9,17
Q9Z273,17
O08784,18
O08810,18
O35098,18
O88935,18
P01029,18
P09470,18
P10126,18
P17426,18
P21550,18
P28271,18
P47962,18
P50580,18
P62908,18
P97351,18
Q00612,18
Q02357,18
Q3TLH4,18
Q3UHJ0,18
Q4KMM3,18
Q501J6,18
Q6P8J7,18
Q6PIE5,18
Q6ZWQ0,18
Q7TMK9,18
Q7TQF7,18
Q80U28,18
Q810U3,18
Q8K010,18
Q8K1M6,18
Q8QZT1,18
Q91V14,18
Q91X72,18
Q99KK7,18
Q99MR6,18
Q9CZD3,18
Q9DB77,18
Q9JLI8,18
Q9JLV5,18
Q9QUR6,18
Q9QXL2,18
Q9QYC0,18
Q9Z1T2,18
A2AN08,19
E9Q9K5,19
O54828,19
P05784,19
P11679,19
P11983,19
P14211,19
P26043,19
P28665,19
P47708,19
P47739,19
P48036,19
P53810,19
P61922,19
P63158,19
Q5SX40; P13541; Q5SX39; Q91Z83; P13542,19
Q6PDG5,19
Q8BI84,19
Q8C2Q3,19
Q8R0Y6,19
Q8R1W8,19
Q8VDC1,19
Q8VDM4,19
Q8VDP4,19
Q91VW5,19
Q91WJ8,19
Q91ZU6,19
Q922U2,19
Q9DCD0,19
Q9EPU0,19
Q9JME5,19
Q9QW08,19
Q9QX47,19
Q9WUA3,19
Q9WV34,19
Q9Z1Z0,19
Q9Z277,19
E9PZQ0,20
G5E8K5,20
O08539,20
O35286,20
P05201,20
P06151,20
P09055,20
P12382,20
P21981,20
P28660,20
P35486,20
P39447,20
P40124,20
P47857,20
P60879,20
P70168,20
P80318,20
Q3UPL0,20
Q4VA53,20
Q5SX40; Q5SX39; P13542,20
Q60710,20
Q61191,20
Q6A4J8,20
Q6P5E4,20
Q70IV5,20
Q80XI3,20
Q8BGD9,20
Q8CI94,20
Q99LF4,20
Q9D0R2,20
Q9EQ20,20
Q9WVL4,20
A2AGT5,21
D3YXK2,21
O55029,21
O70624,21
P20612,21
P25976,21
P32067,21
P46660,21
P62696,21
P80314,21
P97449,21
P97457,21
Q61543,21
Q61656,21
Q8BGC0,21
Q8BHN3,21
Q8C854,21
Q8K019,21
Q922B2,21
Q93092,21
Q9D0F9,21
Q9DBR7,21
Q9QZ47,21
Q9R0K7,21
Q9WTI7,21
Q9Z0U1,21
Q9Z315,21
O88569,22
O88844,22
P02469,22
P05202,22
P06909,22
P27664,22
P58281,22
P58774,22
P63038,22
P80315,22
Q02819,22
Q569Z5,22
Q5SUR0,22
Q5SWU9,22
Q61644,22
Q64331,22
Q6NZJ6,22
Q76MZ3,22
Q8BFR5,22
Q8BG05,22
Q8K4Z5,22
Q91WQ3,22
Q91ZW3,22
Q9D8N0,22
Q9Z1G3,22
Q9Z1G4,22
P08003,23
P13020,23
P30416,23
P50247,23
P62814,23
Q62188,23
Q6PDQ2,23
Q8K2B3,23
Q8R1B4,23
Q91XV3,23
Q9CZW5,23
O08553,24
O55131,24
O55201,24
O70133,24
P05064,24
P08553,24
P09103,24
P20918,24
P24527,24
P31001,24
Q6ZWR6,24
Q9WU78,24
Q9Z2D6,24
E9PV24,25
O88342,25
O88737,25
P10637,25
Q3UQ44,25
Q5XKE0,25
Q6ZQ38,25
Q78PY7,25
Q7TPR4,25
Q8BTI8,25
Q8CIE6,25
Q8R081,25
Q91WC3,25
Q9ERG0,25
Q9JMH9,25
O88322,26
P07310,26
P07356,26
P11499,26
P35564,26
P42932,26
P48193,26
P70398,26
P80316,26
A2ASQ1,27
A6H584,27
B2RXS4,27
P20443,27
P39053,27
P61979,27
Q04447,27
Q62318,27
Q8BGQ7,27
Q91VR5,27
Q9JIX8,27
Q9QYX7,27
Q9WTQ5,27
O88990,28
P06745,28
P13541,28
P15105,28
P17182,28
P21619,28
P26443,28
P27773,28
Q3U1J4,28
Q60597,28
Q61147,28
Q6PB66,28
Q8VHX6,28
Q99JF8,28
Q99P72,28
P08032,29
P11531,29
P16858,29
P26040,29
P50516,29
P62259,29
Q00PI9,29
Q05920,29
Q3U0V1,29
Q8VIJ6,29
Q91VD9,29
Q99NB9,29
P38647,30
Q02788,30
Q04750,30
Q3URD3,30
Q8BMK4,30
Q8BPN8,30
Q8K0E8,30
Q99K48,30
Q99KI0,30
O35600,31
P08113,31
P09411,31
P49194,31
Q569Z6,31
Q60864,31
Q62234,31
Q8VDN2,31
O08528,32
P03995,32
P40142,32
P56480,32
Q9WV92,32
P17710,33
P26041,33
P35441,33
P58252,33
Q11011,33
Q61001,33
Q80TJ1,33
Q8CHC4,33
Q9ERU9,33
Q9JI91,33
Q9JKF1,33
P07901,34
Q6P4T2,34
Q80YX1,34
Q8BL66,34
Q921I1,34
P20357,35
Q01853,35
Q91V92,35
Q03265,36
Q3UNH4,36
Q7TMY8,36
Q8VDJ3,36
Q99PV0,36
P14824,37
Q04857,37
Q61768,37
Q6URW6,37
Q71LX4,37
Q8R429,37
Q8VEK3,37
P46460,38
P57780,38
Q61555,38
Q9CW03,38
A2AAJ9,39
P23116,39
Q02053,39
Q8K310,39
Q9WUB3,39
P11087,40
P20029,40
P48722,40
Q9D0E1,40
O08599,41
P09405,41
P14733,41
P20152,41
P63017,41
Q01149,41
Q5SX40; Q5SX39,41
Q61595,41
Q6PIC6,41
P48678,42
Q61316,42
O08788,43
P13595,43
P19096,43
Q64511,43
Q69ZN7,43
Q80X19,43
Q8CGC7,43
Q9QYR6,44
P02468,45
Q8CAQ8,45
E9Q7G0,46
P27546,46
P52480,46
Q60675,46
Q7TSJ2,47
P07724,48
P11276,48
Q9CU62,48
F6ZDS4,49
O70318,49
O08638,51
P15508,51
P01027,52
Q61292,52
Q61879,52
Q64727,52
Q80X90,53
Q8C8R3,54
Q5SX39,57
Q5SX40,59
Q05793,62
Q91ZX7,63
Q99104,65
Q99PL5,65
Q8BTM8,73
P26039,74
Q68FD5,75
Q9QXZ0,76
P14873,79
Q8VDD5,81
Q61554,95
Q8CJ40,100
Q62261,128
Q60847,149
P16546,150
Q9JHU4,165
Q9QXS1,172
A2ASS6,826
